driverId,driverRef,number,code,,,dob,nationality,url
1,hamilton,44,HAM,,,1/7/1985,British,http://en.wikipedia.org/wiki/Lewis_Hamilton
2,heidfeld,\N,HEI,,,5/10/1977,German,http://en.wikipedia.org/wiki/Nick_Heidfeld
3,rosberg,6,ROS,,,6/27/1985,German,http://en.wikipedia.org/wiki/Nico_Rosberg
4,alonso,14,ALO,,,7/29/1981,Spanish,http://en.wikipedia.org/wiki/Fernando_Alonso
5,kovalainen,\N,KOV,,,10/19/1981,Finnish,http://en.wikipedia.org/wiki/Heikki_Kovalainen
6,nakajima,\N,NAK,,,1/11/1985,Japanese,http://en.wikipedia.org/wiki/Kazuki_Nakajima
7,bourdais,\N,BOU,,,2/28/1979,French,http://en.wikipedia.org/wiki/S%C3%A9bastien_Bourdais
8,raikkonen,7,RAI,,,10/17/1979,Finnish,http://en.wikipedia.org/wiki/Kimi_R%C3%A4ikk%C3%B6nen
9,kubica,88,KUB,,,12/7/1984,Polish,http://en.wikipedia.org/wiki/Robert_Kubica
10,glock,\N,GLO,,,3/18/1982,German,http://en.wikipedia.org/wiki/Timo_Glock
11,sato,\N,SAT,,,1/28/1977,Japanese,http://en.wikipedia.org/wiki/Takuma_Sato
12,piquet_jr,\N,PIQ,,,7/25/1985,Brazilian,"http://en.wikipedia.org/wiki/Nelson_Piquet,_Jr."
13,massa,19,MAS,,,4/25/1981,Brazilian,http://en.wikipedia.org/wiki/Felipe_Massa
14,coulthard,\N,COU,,,3/27/1971,British,http://en.wikipedia.org/wiki/David_Coulthard
15,trulli,\N,TRU,,,7/13/1974,Italian,http://en.wikipedia.org/wiki/Jarno_Trulli
16,sutil,99,SUT,,,1/11/1983,German,http://en.wikipedia.org/wiki/Adrian_Sutil
17,webber,\N,WEB,,,8/27/1976,Australian,http://en.wikipedia.org/wiki/Mark_Webber
18,button,22,BUT,,,1/19/1980,British,http://en.wikipedia.org/wiki/Jenson_Button
19,davidson,\N,DAV,,,4/18/1979,British,http://en.wikipedia.org/wiki/Anthony_Davidson
20,vettel,5,VET,,,7/3/1987,German,http://en.wikipedia.org/wiki/Sebastian_Vettel
21,fisichella,\N,FIS,,,1/14/1973,Italian,http://en.wikipedia.org/wiki/Giancarlo_Fisichella
22,barrichello,\N,BAR,,,5/23/1972,Brazilian,http://en.wikipedia.org/wiki/Rubens_Barrichello
23,ralf_schumacher,\N,SCH,,,6/30/1975,German,http://en.wikipedia.org/wiki/Ralf_Schumacher
24,liuzzi,\N,LIU,,,8/6/1980,Italian,http://en.wikipedia.org/wiki/Vitantonio_Liuzzi
25,wurz,\N,WUR,,,2/15/1974,Austrian,http://en.wikipedia.org/wiki/Alexander_Wurz
26,speed,\N,SPE,,,1/24/1983,American,http://en.wikipedia.org/wiki/Scott_Speed
27,albers,\N,ALB,,,4/16/1979,Dutch,http://en.wikipedia.org/wiki/Christijan_Albers
28,markus_winkelhock,\N,WIN,,,6/13/1980,German,http://en.wikipedia.org/wiki/Markus_Winkelhock
29,yamamoto,\N,YAM,,,7/9/1982,Japanese,http://en.wikipedia.org/wiki/Sakon_Yamamoto
30,michael_schumacher,\N,MSC,,,1/3/1969,German,http://en.wikipedia.org/wiki/Michael_Schumacher
31,montoya,\N,MON,,,9/20/1975,Colombian,http://en.wikipedia.org/wiki/Juan_Pablo_Montoya
32,klien,\N,KLI,,,2/7/1983,Austrian,http://en.wikipedia.org/wiki/Christian_Klien
33,monteiro,\N,TMO,,,7/24/1976,Portuguese,http://en.wikipedia.org/wiki/Tiago_Monteiro
34,ide,\N,IDE,,,1/21/1975,Japanese,http://en.wikipedia.org/wiki/Yuji_Ide
35,villeneuve,\N,VIL,,,4/9/1971,Canadian,http://en.wikipedia.org/wiki/Jacques_Villeneuve
36,montagny,\N,FMO,,,1/5/1978,French,http://en.wikipedia.org/wiki/Franck_Montagny
37,rosa,\N,DLR,,,2/24/1971,Spanish,http://en.wikipedia.org/wiki/Pedro_de_la_Rosa
38,doornbos,\N,DOO,,,9/23/1981,Dutch,http://en.wikipedia.org/wiki/Robert_Doornbos
39,karthikeyan,\N,KAR,,,1/14/1977,Indian,http://en.wikipedia.org/wiki/Narain_Karthikeyan
40,friesacher,\N,FRI,,,9/26/1980,Austrian,http://en.wikipedia.org/wiki/Patrick_Friesacher
41,zonta,\N,ZON,,,3/23/1976,Brazilian,http://en.wikipedia.org/wiki/Ricardo_Zonta
42,pizzonia,\N,PIZ,,,9/11/1980,Brazilian,http://en.wikipedia.org/wiki/Ant%C3%B4nio_Pizzonia
43,matta,\N,\N,,,9/19/1973,Brazilian,http://en.wikipedia.org/wiki/Cristiano_da_Matta
44,panis,\N,\N,,,9/2/1966,French,http://en.wikipedia.org/wiki/Olivier_Panis
45,pantano,\N,\N,,,2/4/1979,Italian,http://en.wikipedia.org/wiki/Giorgio_Pantano
46,bruni,\N,\N,,,5/30/1981,Italian,http://en.wikipedia.org/wiki/Gianmaria_Bruni
47,baumgartner,\N,\N,,,1/1/1981,Hungarian,http://en.wikipedia.org/wiki/Zsolt_Baumgartner
48,gene,\N,\N,,,3/29/1974,Spanish,http://en.wikipedia.org/wiki/Marc_Gen%C3%A9
49,frentzen,\N,\N,,,5/18/1967,German,http://en.wikipedia.org/wiki/Heinz-Harald_Frentzen
50,verstappen,\N,\N,,,3/4/1972,Dutch,http://en.wikipedia.org/wiki/Jos_Verstappen
51,wilson,\N,\N,,,7/31/1978,British,http://en.wikipedia.org/wiki/Justin_Wilson_(racing_driver)
52,firman,\N,\N,,,5/20/1975,Irish,http://en.wikipedia.org/wiki/Ralph_Firman
53,kiesa,\N,\N,,,3/3/1978,Danish,http://en.wikipedia.org/wiki/Nicolas_Kiesa
54,burti,\N,\N,,,3/5/1975,Brazilian,http://en.wikipedia.org/wiki/Luciano_Burti
55,alesi,\N,\N,,,6/11/1964,French,http://en.wikipedia.org/wiki/Jean_Alesi
56,irvine,\N,\N,,,11/10/1965,British,http://en.wikipedia.org/wiki/Eddie_Irvine
57,hakkinen,\N,\N,,,9/28/1968,Finnish,http://en.wikipedia.org/wiki/Mika_H%C3%A4kkinen
58,marques,\N,\N,,,1/19/1976,Brazilian,http://en.wikipedia.org/wiki/Tarso_Marques
59,bernoldi,\N,\N,,,10/19/1978,Brazilian,http://en.wikipedia.org/wiki/Enrique_Bernoldi
60,mazzacane,\N,\N,,,5/8/1975,Argentine,http://en.wikipedia.org/wiki/Gast%C3%B3n_Mazzacane
61,enge,\N,\N,,,9/11/1976,Czech,http://en.wikipedia.org/wiki/Tom%C3%A1%C5%A1_Enge
62,yoong,\N,\N,,,7/20/1976,Malaysian,http://en.wikipedia.org/wiki/Alex_Yoong
63,salo,\N,\N,,,11/30/1966,Finnish,http://en.wikipedia.org/wiki/Mika_Salo
64,diniz,\N,\N,,,5/22/1970,Brazilian,http://en.wikipedia.org/wiki/Pedro_Diniz
65,herbert,\N,\N,,,6/25/1964,British,http://en.wikipedia.org/wiki/Johnny_Herbert
66,mcnish,\N,\N,,,12/29/1969,British,http://en.wikipedia.org/wiki/Allan_McNish
67,buemi,\N,BUE,,,10/31/1988,Swiss,http://en.wikipedia.org/wiki/S%C3%A9bastien_Buemi
68,takagi,\N,\N,,,2/12/1974,Japanese,http://en.wikipedia.org/wiki/Toranosuke_Takagi
69,badoer,\N,BAD,,,1/25/1971,Italian,http://en.wikipedia.org/wiki/Luca_Badoer
70,zanardi,\N,\N,,,10/23/1966,Italian,http://en.wikipedia.org/wiki/Alex_Zanardi
71,damon_hill,\N,\N,,,9/17/1960,British,http://en.wikipedia.org/wiki/Damon_Hill
72,sarrazin,\N,\N,,,11/2/1975,French,http://en.wikipedia.org/wiki/St%C3%A9phane_Sarrazin
73,rosset,\N,\N,,,7/27/1968,Brazilian,http://en.wikipedia.org/wiki/Ricardo_Rosset
74,tuero,\N,\N,,,4/22/1978,Argentine,http://en.wikipedia.org/wiki/Esteban_Tuero
75,nakano,\N,\N,,,4/1/1971,Japanese,http://en.wikipedia.org/wiki/Shinji_Nakano
76,magnussen,\N,MAG,,,7/4/1973,Danish,http://en.wikipedia.org/wiki/Jan_Magnussen
77,berger,\N,\N,,,8/27/1959,Austrian,http://en.wikipedia.org/wiki/Gerhard_Berger
78,larini,\N,\N,,,3/19/1964,Italian,http://en.wikipedia.org/wiki/Nicola_Larini
79,katayama,\N,\N,,,5/29/1963,Japanese,http://en.wikipedia.org/wiki/Ukyo_Katayama
80,sospiri,\N,\N,,,10/7/1966,Italian,http://en.wikipedia.org/wiki/Vincenzo_Sospiri
81,morbidelli,\N,\N,,,1/13/1968,Italian,http://en.wikipedia.org/wiki/Gianni_Morbidelli
82,fontana,\N,\N,,,1/20/1975,Argentine,http://en.wikipedia.org/wiki/Norberto_Fontana
83,lamy,\N,\N,,,3/20/1972,Portuguese,http://en.wikipedia.org/wiki/Pedro_Lamy
84,brundle,\N,\N,,,6/1/1959,British,http://en.wikipedia.org/wiki/Martin_Brundle
85,montermini,\N,\N,,,5/30/1964,Italian,http://en.wikipedia.org/wiki/Andrea_Montermini
86,lavaggi,\N,\N,,,2/18/1958,Italian,http://en.wikipedia.org/wiki/Giovanni_Lavaggi
87,blundell,\N,\N,,,4/8/1966,British,http://en.wikipedia.org/wiki/Mark_Blundell
88,suzuki,\N,\N,,,9/8/1960,Japanese,http://en.wikipedia.org/wiki/Aguri_Suzuki
89,inoue,\N,\N,,,9/5/1963,Japanese,http://en.wikipedia.org/wiki/Taki_Inoue
90,moreno,\N,\N,,,2/11/1959,Brazilian,http://en.wikipedia.org/wiki/Roberto_Moreno
91,wendlinger,\N,\N,,,12/20/1968,Austrian,http://en.wikipedia.org/wiki/Karl_Wendlinger
92,gachot,\N,\N,,,12/23/1962,Belgian,http://en.wikipedia.org/wiki/Bertrand_Gachot
93,schiattarella,\N,\N,,,11/17/1967,Italian,http://en.wikipedia.org/wiki/Domenico_Schiattarella
94,martini,\N,\N,,,4/23/1961,Italian,http://en.wikipedia.org/wiki/Pierluigi_Martini
95,mansell,\N,\N,,,8/8/1953,British,http://en.wikipedia.org/wiki/Nigel_Mansell
96,boullion,\N,\N,,,12/27/1969,French,http://en.wikipedia.org/wiki/Jean-Christophe_Boullion
97,papis,\N,\N,,,10/3/1969,Italian,http://en.wikipedia.org/wiki/Massimiliano_Papis
98,deletraz,\N,\N,,,10/1/1963,Swiss,http://en.wikipedia.org/wiki/Jean-Denis_Deletraz
99,tarquini,\N,\N,,,3/2/1962,Italian,http://en.wikipedia.org/wiki/Gabriele_Tarquini
100,comas,\N,\N,,,9/28/1963,French,http://en.wikipedia.org/wiki/%C3%89rik_Comas
101,brabham,\N,\N,,,9/5/1965,Australian,http://en.wikipedia.org/wiki/David_Brabham
102,senna,\N,\N,,,3/21/1960,Brazilian,http://en.wikipedia.org/wiki/Ayrton_Senna
103,bernard,\N,\N,,,8/24/1964,French,http://en.wikipedia.org/wiki/%C3%89ric_Bernard
104,fittipaldi,\N,\N,,,1/18/1971,Brazilian,http://en.wikipedia.org/wiki/Christian_Fittipaldi
105,alboreto,\N,\N,,,12/23/1956,Italian,http://en.wikipedia.org/wiki/Michele_Alboreto
106,beretta,\N,\N,,,11/23/1969,Monegasque,http://en.wikipedia.org/wiki/Olivier_Beretta
107,ratzenberger,\N,\N,,,7/4/1960,Austrian,http://en.wikipedia.org/wiki/Roland_Ratzenberger
108,belmondo,\N,\N,,,4/23/1963,French,http://en.wikipedia.org/wiki/Paul_Belmondo
109,lehto,\N,\N,,,1/31/1966,Finnish,http://en.wikipedia.org/wiki/Jyrki_J%C3%A4rvilehto
110,cesaris,\N,\N,,,5/31/1959,Italian,http://en.wikipedia.org/wiki/Andrea_de_Cesaris
111,gounon,\N,\N,,,1/1/1963,French,http://en.wikipedia.org/wiki/Jean-Marc_Gounon
112,alliot,\N,\N,,,7/27/1954,French,http://en.wikipedia.org/wiki/Philippe_Alliot
113,adams,\N,\N,,,11/19/1969,Belgian,http://en.wikipedia.org/wiki/Philippe_Adams
114,dalmas,\N,\N,,,7/28/1961,French,http://en.wikipedia.org/wiki/Yannick_Dalmas
115,noda,\N,\N,,,3/7/1969,Japanese,http://en.wikipedia.org/wiki/Hideki_Noda
116,lagorce,\N,\N,,,9/1/1968,French,http://en.wikipedia.org/wiki/Franck_Lagorce
117,prost,\N,\N,,,2/24/1955,French,http://en.wikipedia.org/wiki/Alain_Prost
118,warwick,\N,\N,,,8/27/1954,British,http://en.wikipedia.org/wiki/Derek_Warwick
119,patrese,\N,\N,,,4/17/1954,Italian,http://en.wikipedia.org/wiki/Riccardo_Patrese
120,barbazza,\N,\N,,,4/2/1963,Italian,http://en.wikipedia.org/wiki/Fabrizio_Barbazza
121,andretti,\N,\N,,,10/5/1962,American,http://en.wikipedia.org/wiki/Michael_Andretti
122,capelli,\N,\N,,,5/24/1963,Italian,http://en.wikipedia.org/wiki/Ivan_Capelli
123,boutsen,\N,\N,,,7/13/1957,Belgian,http://en.wikipedia.org/wiki/Thierry_Boutsen
124,apicella,\N,\N,,,10/7/1965,Italian,http://en.wikipedia.org/wiki/Marco_Apicella
125,naspetti,\N,\N,,,2/24/1968,Italian,http://en.wikipedia.org/wiki/Emanuele_Naspetti
126,toshio_suzuki,\N,\N,,,3/10/1955,Japanese,http://en.wikipedia.org/wiki/Toshio_Suzuki_(driver)
127,gugelmin,\N,\N,,,4/20/1963,Brazilian,http://en.wikipedia.org/wiki/Maur%C3%ADcio_Gugelmin
128,poele,\N,\N,,,9/30/1961,Belgian,http://en.wikipedia.org/wiki/Eric_van_de_Poele
129,grouillard,\N,\N,,,9/2/1958,French,http://en.wikipedia.org/wiki/Olivier_Grouillard
130,chiesa,\N,\N,,,5/6/1964,Swiss,http://en.wikipedia.org/wiki/Andrea_Chiesa
131,modena,\N,\N,,,5/12/1963,Italian,http://en.wikipedia.org/wiki/Stefano_Modena
132,amati,\N,\N,,,7/20/1959,Italian,http://en.wikipedia.org/wiki/Giovanna_Amati
133,caffi,\N,\N,,,3/18/1964,Italian,http://en.wikipedia.org/wiki/Alex_Caffi
134,bertaggia,\N,\N,,,9/19/1964,Italian,http://en.wikipedia.org/wiki/Enrico_Bertaggia
135,mccarthy,\N,\N,,,3/3/1961,British,http://en.wikipedia.org/wiki/Perry_McCarthy
136,lammers,\N,\N,,,6/2/1956,Dutch,http://en.wikipedia.org/wiki/Jan_Lammers
137,piquet,\N,\N,,,8/17/1952,Brazilian,http://en.wikipedia.org/wiki/Nelson_Piquet
138,satoru_nakajima,\N,\N,,,2/23/1953,Japanese,http://en.wikipedia.org/wiki/Satoru_Nakajima
139,pirro,\N,\N,,,1/12/1962,Italian,http://en.wikipedia.org/wiki/Emanuele_Pirro
140,johansson,\N,\N,,,9/8/1956,Swedish,http://en.wikipedia.org/wiki/Stefan_Johansson
141,bailey,\N,\N,,,10/9/1961,British,http://en.wikipedia.org/wiki/Julian_Bailey
142,chaves,\N,\N,,,2/27/1965,Portuguese,http://en.wikipedia.org/wiki/Pedro_Chaves
143,bartels,\N,\N,,,3/8/1968,German,http://en.wikipedia.org/wiki/Michael_Bartels
144,hattori,\N,\N,,,6/13/1966,Japanese,http://en.wikipedia.org/wiki/Naoki_Hattori
145,nannini,\N,\N,,,7/7/1959,Italian,http://en.wikipedia.org/wiki/Alessandro_Nannini
146,schneider,\N,\N,,,7/20/1964,German,http://en.wikipedia.org/wiki/Bernd_Schneider_(racecar_driver)
147,barilla,\N,\N,,,4/20/1961,Italian,http://en.wikipedia.org/wiki/Paolo_Barilla
148,foitek,\N,\N,,,3/27/1965,Swiss,http://en.wikipedia.org/wiki/Gregor_Foitek
149,langes,\N,\N,,,7/20/1960,Italian,http://en.wikipedia.org/wiki/Claudio_Langes
150,gary_brabham,\N,\N,,,3/29/1961,Australian,http://en.wikipedia.org/wiki/Gary_Brabham
151,donnelly,\N,\N,,,3/26/1964,British,http://en.wikipedia.org/wiki/Martin_Donnelly_(racing_driver)
152,giacomelli,\N,\N,,,9/10/1952,Italian,http://en.wikipedia.org/wiki/Bruno_Giacomelli
153,alguersuari,\N,ALG,,,3/23/1990,Spanish,http://en.wikipedia.org/wiki/Jaime_Alguersuari
154,grosjean,8,GRO,,,4/17/1986,French,http://en.wikipedia.org/wiki/Romain_Grosjean
155,kobayashi,10,KOB,,,9/13/1986,Japanese,http://en.wikipedia.org/wiki/Kamui_Kobayashi
156,palmer,\N,\N,,,11/7/1956,British,http://en.wikipedia.org/wiki/Jonathan_Palmer
157,danner,\N,\N,,,4/4/1958,German,http://en.wikipedia.org/wiki/Christian_Danner
158,cheever,\N,\N,,,1/10/1958,American,http://en.wikipedia.org/wiki/Eddie_Cheever
159,sala,\N,\N,,,5/15/1959,Spanish,http://en.wikipedia.org/wiki/Luis_Perez-Sala
160,ghinzani,\N,\N,,,1/16/1952,Italian,http://en.wikipedia.org/wiki/Piercarlo_Ghinzani
161,weidler,\N,\N,,,3/18/1962,German,http://en.wikipedia.org/wiki/Volker_Weidler
162,raphanel,\N,\N,,,5/27/1961,French,http://en.wikipedia.org/wiki/Pierre-Henri_Raphanel
163,arnoux,\N,\N,,,7/4/1948,French,http://en.wikipedia.org/wiki/Ren%C3%A9_Arnoux
164,joachim_winkelhock,\N,\N,,,10/24/1960,German,http://en.wikipedia.org/wiki/Joachim_Winkelhock
165,larrauri,\N,\N,,,8/19/1954,Argentine,http://en.wikipedia.org/wiki/Oscar_Larrauri
166,streiff,\N,\N,,,6/26/1955,French,http://en.wikipedia.org/wiki/Philippe_Streiff
167,campos,\N,\N,,,6/17/1960,Spanish,http://en.wikipedia.org/wiki/Adri%C3%A1n_Campos
168,schlesser,\N,\N,,,9/12/1948,French,http://en.wikipedia.org/wiki/Jean-Louis_Schlesser
169,fabre,\N,\N,,,1/9/1960,French,http://en.wikipedia.org/wiki/Pascal_Fabre
170,fabi,\N,\N,,,3/9/1955,Italian,http://en.wikipedia.org/wiki/Teo_Fabi
171,forini,\N,\N,,,9/22/1958,Swiss,http://en.wikipedia.org/wiki/Franco_Forini
172,laffite,\N,\N,,,11/21/1943,French,http://en.wikipedia.org/wiki/Jacques_Laffite
173,angelis,\N,\N,,,3/26/1958,Italian,http://en.wikipedia.org/wiki/Elio_de_Angelis
174,dumfries,\N,\N,,,4/26/1958,British,http://en.wikipedia.org/wiki/Johnny_Dumfries
175,tambay,\N,\N,,,6/25/1949,French,http://en.wikipedia.org/wiki/Patrick_Tambay
176,surer,\N,\N,,,9/18/1951,Swiss,http://en.wikipedia.org/wiki/Marc_Surer
177,keke_rosberg,\N,\N,,,12/6/1948,Finnish,http://en.wikipedia.org/wiki/Keke_Rosberg
178,jones,\N,\N,,,11/2/1946,Australian,http://en.wikipedia.org/wiki/Alan_Jones_(Formula_1)
179,rothengatter,\N,\N,,,10/8/1954,Dutch,http://en.wikipedia.org/wiki/Huub_Rothengatter
180,berg,\N,\N,,,8/1/1961,Canadian,http://en.wikipedia.org/wiki/Allen_Berg
181,manfred_winkelhock,\N,\N,,,10/6/1951,German,http://en.wikipedia.org/wiki/Manfred_Winkelhock
182,lauda,\N,\N,,,2/22/1949,Austrian,http://en.wikipedia.org/wiki/Niki_Lauda
183,hesnault,\N,\N,,,12/30/1956,French,http://en.wikipedia.org/wiki/Fran%C3%A7ois_Hesnault
184,baldi,\N,\N,,,1/31/1954,Italian,http://en.wikipedia.org/wiki/Mauro_Baldi
185,bellof,\N,\N,,,11/20/1957,German,http://en.wikipedia.org/wiki/Stefan_Bellof
186,acheson,\N,\N,,,11/27/1957,British,http://en.wikipedia.org/wiki/Kenny_Acheson
187,watson,\N,\N,,,5/4/1946,British,http://en.wikipedia.org/wiki/John_Watson_(racing_driver)
188,cecotto,\N,\N,,,1/25/1956,Venezuelan,http://en.wikipedia.org/wiki/Johnny_Cecotto
189,gartner,\N,\N,,,1/24/1954,Austrian,http://en.wikipedia.org/wiki/Jo_Gartner
190,corrado_fabi,\N,\N,,,4/12/1961,Italian,http://en.wikipedia.org/wiki/Corrado_Fabi
191,thackwell,\N,\N,,,3/30/1961,New Zealander,http://en.wikipedia.org/wiki/Mike_Thackwell
192,serra,\N,\N,,,2/3/1957,Brazilian,http://en.wikipedia.org/wiki/Chico_Serra
193,sullivan,\N,\N,,,3/9/1950,American,http://en.wikipedia.org/wiki/Danny_Sullivan
194,salazar,\N,\N,,,11/14/1954,Chilean,http://en.wikipedia.org/wiki/Eliseo_Salazar
195,guerrero,\N,\N,,,11/16/1958,Colombian,http://en.wikipedia.org/wiki/Roberto_Guerrero
196,boesel,\N,\N,,,12/4/1957,Brazilian,http://en.wikipedia.org/wiki/Raul_Boesel
197,jarier,\N,\N,,,7/10/1946,French,http://en.wikipedia.org/wiki/Jean-Pierre_Jarier
198,villeneuve_sr,\N,\N,,,11/4/1953,Canadian,http://en.wikipedia.org/wiki/Jacques_Villeneuve_(elder)
199,reutemann,\N,\N,,,4/12/1942,Argentine,http://en.wikipedia.org/wiki/Carlos_Reutemann
200,mass,\N,\N,,,9/30/1946,German,http://en.wikipedia.org/wiki/Jochen_Mass
201,borgudd,\N,\N,,,11/25/1946,Swedish,http://en.wikipedia.org/wiki/Slim_Borgudd
202,pironi,\N,\N,,,3/26/1952,French,http://en.wikipedia.org/wiki/Didier_Pironi
203,gilles_villeneuve,\N,\N,,,1/18/1950,Canadian,http://en.wikipedia.org/wiki/Gilles_Villeneuve
204,paletti,\N,\N,,,6/15/1958,Italian,http://en.wikipedia.org/wiki/Riccardo_Paletti
205,henton,\N,\N,,,9/19/1946,British,http://en.wikipedia.org/wiki/Brian_Henton
206,daly,\N,\N,,,3/11/1953,Irish,http://en.wikipedia.org/wiki/Derek_Daly
207,mario_andretti,\N,\N,,,2/28/1940,American,http://en.wikipedia.org/wiki/Mario_Andretti
208,villota,\N,\N,,,7/26/1946,Spanish,http://en.wikipedia.org/wiki/Emilio_de_Villota
209,lees,\N,\N,,,5/1/1951,British,http://en.wikipedia.org/wiki/Geoff_Lees
210,byrne,\N,\N,,,5/6/1958,Irish,http://en.wikipedia.org/wiki/Tommy_Byrne_%28racing_driver%29
211,keegan,\N,\N,,,2/26/1955,British,http://en.wikipedia.org/wiki/Rupert_Keegan
212,rebaque,\N,\N,,,2/5/1956,Mexican,http://en.wikipedia.org/wiki/Hector_Rebaque
213,gabbiani,\N,\N,,,1/2/1957,Italian,http://en.wikipedia.org/wiki/Beppe_Gabbiani
214,cogan,\N,\N,,,3/31/1956,American,http://en.wikipedia.org/wiki/Kevin_Cogan
215,guerra,\N,\N,,,8/31/1953,Argentine,http://en.wikipedia.org/wiki/Miguel_Angel_Guerra
216,stohr,\N,\N,,,10/10/1952,Italian,http://en.wikipedia.org/wiki/Siegfried_Stohr
217,zunino,\N,\N,,,4/13/1949,Argentine,http://en.wikipedia.org/wiki/Ricardo_Zunino
218,londono,\N,\N,,,8/8/1949,Colombian,http://en.wikipedia.org/wiki/Ricardo_Londo%C3%B1o
219,jabouille,\N,\N,,,10/1/1942,French,http://en.wikipedia.org/wiki/Jean-Pierre_Jabouille
220,francia,\N,\N,,,11/8/1947,Italian,http://en.wikipedia.org/wiki/Giorgio_Francia
221,depailler,\N,\N,,,8/9/1944,French,http://en.wikipedia.org/wiki/Patrick_Depailler
222,scheckter,\N,\N,,,1/29/1950,South African,http://en.wikipedia.org/wiki/Jody_Scheckter
223,regazzoni,\N,\N,,,9/5/1939,Swiss,http://en.wikipedia.org/wiki/Clay_Regazzoni
224,emerson_fittipaldi,\N,\N,,,12/12/1946,Brazilian,http://en.wikipedia.org/wiki/Emerson_Fittipaldi
225,kennedy,\N,\N,,,1/15/1953,Irish,http://en.wikipedia.org/wiki/David_Kennedy_(racing_driver)
226,south,\N,\N,,,2/19/1952,British,http://en.wikipedia.org/wiki/Stephen_South
227,needell,\N,\N,,,10/29/1951,British,http://en.wikipedia.org/wiki/Tiff_Needell
228,desire_wilson,\N,\N,,,11/26/1953,South African,http://en.wikipedia.org/wiki/Desir%C3%A9_Wilson
229,ertl,\N,\N,,,8/31/1948,Austrian,http://en.wikipedia.org/wiki/Harald_Ertl
230,brambilla,\N,\N,,,11/11/1937,Italian,http://en.wikipedia.org/wiki/Vittorio_Brambilla
231,hunt,\N,\N,,,8/29/1947,British,http://en.wikipedia.org/wiki/James_Hunt
232,merzario,\N,\N,,,3/11/1943,Italian,http://en.wikipedia.org/wiki/Arturo_Merzario
233,stuck,\N,\N,,,1/1/1951,German,http://en.wikipedia.org/wiki/Hans_Joachim_Stuck
234,brancatelli,\N,\N,,,1/18/1950,Italian,http://en.wikipedia.org/wiki/Gianfranco_Brancatelli
235,ickx,\N,\N,,,1/1/1945,Belgian,http://en.wikipedia.org/wiki/Jacky_Ickx
236,gaillard,\N,\N,,,2/12/1952,French,http://en.wikipedia.org/wiki/Patrick_Gaillard
237,ribeiro,\N,\N,,,11/7/1948,Brazilian,http://en.wikipedia.org/wiki/Alex_Ribeiro
238,peterson,\N,\N,,,2/14/1944,Swedish,http://en.wikipedia.org/wiki/Ronnie_Peterson
239,lunger,\N,\N,,,11/14/1945,American,http://en.wikipedia.org/wiki/Brett_Lunger
240,ongais,\N,\N,,,5/21/1942,American,http://en.wikipedia.org/wiki/Danny_Ongais
241,leoni,\N,\N,,,5/24/1953,Italian,http://en.wikipedia.org/wiki/Lamberto_Leoni
242,galica,\N,\N,,,8/13/1944,British,http://en.wikipedia.org/wiki/Divina_Galica
243,stommelen,\N,\N,,,7/11/1943,German,http://en.wikipedia.org/wiki/Rolf_Stommelen
244,colombo,\N,\N,,,2/23/1946,Italian,http://en.wikipedia.org/wiki/Alberto_Colombo
245,trimmer,\N,\N,,,1/24/1943,British,http://en.wikipedia.org/wiki/Tony_Trimmer
246,binder,\N,\N,,,6/12/1948,Austrian,http://en.wikipedia.org/wiki/Hans_Binder
247,bleekemolen,\N,\N,,,10/2/1949,Dutch,http://en.wikipedia.org/wiki/Michael_Bleekemolen
248,gimax,\N,\N,,,1/1/1938,Italian,http://en.wikipedia.org/wiki/Gimax
249,rahal,\N,\N,,,1/10/1953,American,http://en.wikipedia.org/wiki/Bobby_Rahal
250,pace,\N,\N,,,10/6/1944,Brazilian,http://en.wikipedia.org/wiki/Carlos_Pace
251,ian_scheckter,\N,\N,,,8/22/1947,South African,http://en.wikipedia.org/wiki/Ian_Scheckter
252,pryce,\N,\N,,,6/11/1949,British,http://en.wikipedia.org/wiki/Tom_Pryce
253,hoffmann,\N,\N,,,2/28/1953,Brazilian,http://en.wikipedia.org/wiki/Ingo_Hoffmann
254,zorzi,\N,\N,,,12/12/1946,Italian,http://en.wikipedia.org/wiki/Renzo_Zorzi
255,nilsson,\N,\N,,,11/20/1948,Swedish,http://en.wikipedia.org/wiki/Gunnar_Nilsson
256,perkins,\N,\N,,,3/18/1950,Australian,http://en.wikipedia.org/wiki/Larry_Perkins
257,hayje,\N,\N,,,5/3/1949,Dutch,http://en.wikipedia.org/wiki/Boy_Hayje
258,neve,\N,\N,,,10/13/1949,Belgian,http://en.wikipedia.org/wiki/Patrick_Neve
259,purley,\N,\N,,,1/26/1945,British,http://en.wikipedia.org/wiki/David_Purley
260,andersson,\N,\N,,,12/28/1939,Swedish,http://en.wikipedia.org/wiki/Conny_Andersson_(racing_driver)
261,dryver,\N,\N,,,9/19/1952,Belgian,http://en.wikipedia.org/wiki/Bernard_de_Dryver
262,oliver,\N,\N,,,8/14/1942,British,http://en.wikipedia.org/wiki/Jackie_Oliver
263,kozarowitzky,\N,\N,,,5/17/1948,Finnish,http://en.wikipedia.org/wiki/Mikko_Kozarowitzky
264,sutcliffe,\N,\N,,,5/9/1947,British,http://en.wikipedia.org/wiki/Andy_Sutcliffe
265,edwards,\N,\N,,,12/30/1942,British,http://en.wikipedia.org/wiki/Guy_Edwards
266,mcguire,\N,\N,,,12/13/1945,Australian,http://en.wikipedia.org/wiki/Brian_McGuire
267,schuppan,\N,\N,,,3/19/1943,Australian,http://en.wikipedia.org/wiki/Vern_Schuppan
268,heyer,\N,\N,,,3/16/1943,German,http://en.wikipedia.org/wiki/Hans_Heyer
269,pilette,\N,\N,,,7/26/1942,Belgian,http://en.wikipedia.org/wiki/Teddy_Pilette
270,ashley,\N,\N,,,10/26/1947,British,http://en.wikipedia.org/wiki/Ian_Ashley
271,kessel,\N,\N,,,4/1/1950,Swiss,http://en.wikipedia.org/wiki/Loris_Kessel
272,takahashi,\N,\N,,,1/29/1940,Japanese,http://en.wikipedia.org/wiki/Kunimitsu_Takahashi
273,hoshino,\N,\N,,,7/1/1947,Japanese,http://en.wikipedia.org/wiki/Kazuyoshi_Hoshino
274,takahara,\N,\N,,,6/6/1951,Japanese,http://en.wikipedia.org/wiki/Noritake_Takahara
275,lombardi,\N,\N,,,3/26/1941,Italian,http://en.wikipedia.org/wiki/Lella_Lombardi
276,evans,\N,\N,,,6/11/1947,British,http://en.wikipedia.org/wiki/Bob_Evans_(race_driver)
277,leclere,\N,\N,,,3/18/1946,French,http://en.wikipedia.org/wiki/Michel_Lecl%C3%A8re
278,amon,\N,\N,,,7/20/1943,New Zealander,http://en.wikipedia.org/wiki/Chris_Amon
279,zapico,\N,\N,,,5/27/1944,Spanish,http://en.wikipedia.org/wiki/Emilio_Zapico
280,pescarolo,\N,\N,,,9/25/1942,French,http://en.wikipedia.org/wiki/Henri_Pescarolo
281,nelleman,\N,\N,,,4/19/1944,Danish,http://en.wikipedia.org/wiki/Jac_Nelleman
282,magee,\N,\N,,,11/17/1945,British,http://en.wikipedia.org/wiki/Damien_Magee
283,wilds,\N,\N,,,1/7/1946,British,http://en.wikipedia.org/wiki/Mike_Wilds
284,pesenti_rossi,\N,\N,,,8/31/1942,Italian,http://en.wikipedia.org/wiki/Alessandro_Pesenti-Rossi
285,stuppacher,\N,\N,,,3/3/1947,Austrian,http://en.wikipedia.org/wiki/Otto_Stuppacher
286,brown,\N,\N,,,12/24/1949,Australian,http://en.wikipedia.org/wiki/Warwick_Brown
287,hasemi,\N,\N,,,11/13/1945,Japanese,http://en.wikipedia.org/wiki/Masahiro_Hasemi
288,donohue,\N,\N,,,3/18/1937,American,http://en.wikipedia.org/wiki/Mark_Donohue
289,hill,\N,\N,,,2/15/1929,British,http://en.wikipedia.org/wiki/Graham_Hill
290,wilson_fittipaldi,\N,\N,,,12/25/1943,Brazilian,http://en.wikipedia.org/wiki/Wilson_Fittipaldi
291,tunmer,\N,\N,,,12/1/1948,South African,http://en.wikipedia.org/wiki/Guy_Tunmer
292,keizan,\N,\N,,,9/12/1944,South African,http://en.wikipedia.org/wiki/Eddie_Keizan
293,charlton,\N,\N,,,10/27/1936,South African,http://en.wikipedia.org/wiki/Dave_Charlton
294,brise,\N,\N,,,3/28/1952,British,http://en.wikipedia.org/wiki/Tony_Brise
295,wunderink,\N,\N,,,12/12/1948,Dutch,http://en.wikipedia.org/wiki/Roelof_Wunderink
296,migault,\N,\N,,,12/4/1944,French,http://en.wikipedia.org/wiki/Fran%C3%A7ois_Migault
297,palm,\N,\N,,,7/23/1947,Swedish,http://en.wikipedia.org/wiki/Torsten_Palm
298,lennep,\N,\N,,,3/16/1942,Dutch,http://en.wikipedia.org/wiki/Gijs_Van_Lennep
299,fushida,\N,\N,,,3/10/1946,Japanese,http://en.wikipedia.org/wiki/Hiroshi_Fushida
300,nicholson,\N,\N,,,10/6/1941,New Zealander,http://en.wikipedia.org/wiki/John_Nicholson_(racing_driver)
301,morgan,\N,\N,,,8/7/1944,British,http://en.wikipedia.org/wiki/Dave_Morgan_(racing_driver)
302,crawford,\N,\N,,,2/13/1948,British,http://en.wikipedia.org/wiki/Jim_Crawford_(driver)
303,vonlanthen,\N,\N,,,5/31/1942,Swiss,http://en.wikipedia.org/wiki/Jo_Vonlanthen
304,hulme,\N,\N,,,6/18/1936,New Zealander,http://en.wikipedia.org/wiki/Denny_Hulme
305,hailwood,\N,\N,,,4/2/1940,British,http://en.wikipedia.org/wiki/Mike_Hailwood
306,beltoise,\N,\N,,,4/26/1937,French,http://en.wikipedia.org/wiki/Jean-Pierre_Beltoise
307,ganley,\N,\N,,,12/24/1941,New Zealander,http://en.wikipedia.org/wiki/Howden_Ganley
308,robarts,\N,\N,,,9/22/1944,British,http://en.wikipedia.org/wiki/Richard_Robarts
309,revson,\N,\N,,,2/27/1939,American,http://en.wikipedia.org/wiki/Peter_Revson
310,driver,\N,\N,,,5/13/1934,South African,http://en.wikipedia.org/wiki/Paddy_Driver
311,belso,\N,\N,,,8/27/1942,Danish,http://en.wikipedia.org/wiki/Tom_Bels%C3%B8
312,redman,\N,\N,,,3/9/1937,British,http://en.wikipedia.org/wiki/Brian_Redman
313,opel,\N,\N,,,10/14/1947,Liechtensteiner,http://en.wikipedia.org/wiki/Rikky_von_Opel
314,schenken,\N,\N,,,9/26/1943,Australian,http://en.wikipedia.org/wiki/Tim_Schenken
315,larrousse,\N,\N,,,5/23/1940,French,http://en.wikipedia.org/wiki/G%C3%A9rard_Larrousse
316,kinnunen,\N,\N,,,8/5/1943,Finnish,http://en.wikipedia.org/wiki/Leo_Kinnunen
317,wisell,\N,\N,,,9/30/1941,Swedish,http://en.wikipedia.org/wiki/Reine_Wisell
318,roos,\N,\N,,,10/12/1943,Swedish,http://en.wikipedia.org/wiki/Bertil_Roos
319,dolhem,\N,\N,,,4/26/1944,French,http://en.wikipedia.org/wiki/Jos%C3%A9_Dolhem
320,gethin,\N,\N,,,2/21/1940,British,http://en.wikipedia.org/wiki/Peter_Gethin
321,bell,\N,\N,,,10/31/1941,British,http://en.wikipedia.org/wiki/Derek_Bell_(auto_racer)
322,hobbs,\N,\N,,,6/9/1939,British,http://en.wikipedia.org/wiki/David_Hobbs_(racing_driver)
323,quester,\N,\N,,,5/30/1939,Austrian,http://en.wikipedia.org/wiki/Dieter_Quester
324,koinigg,\N,\N,,,11/3/1948,Austrian,http://en.wikipedia.org/wiki/Helmuth_Koinigg
325,facetti,\N,\N,,,6/26/1935,Italian,http://en.wikipedia.org/wiki/Carlo_Facetti
326,wietzes,\N,\N,,,5/28/1938,Canadian,http://en.wikipedia.org/wiki/Eppie_Wietzes
327,cevert,\N,\N,,,2/25/1944,French,http://en.wikipedia.org/wiki/Fran%C3%A7ois_Cevert
328,stewart,\N,\N,,,6/11/1939,British,http://en.wikipedia.org/wiki/Jackie_Stewart
329,beuttler,\N,\N,,,4/13/1940,British,http://en.wikipedia.org/wiki/Mike_Beuttler
330,galli,\N,\N,,,10/2/1940,Italian,http://en.wikipedia.org/wiki/Nanni_Galli
331,bueno,\N,\N,,,1/16/1937,Brazilian,http://en.wikipedia.org/wiki/Luiz_Bueno
332,follmer,\N,\N,,,1/27/1934,American,http://en.wikipedia.org/wiki/George_Follmer
333,adamich,\N,\N,,,10/3/1941,Italian,http://en.wikipedia.org/wiki/Andrea_de_Adamich
334,pretorius,\N,\N,,,11/22/1934,South African,http://en.wikipedia.org/wiki/Jackie_Pretorius
335,williamson,\N,\N,,,2/2/1948,British,http://en.wikipedia.org/wiki/Roger_Williamson
336,mcrae,\N,\N,,,3/5/1940,New Zealander,http://en.wikipedia.org/wiki/Graham_McRae
337,marko,\N,\N,,,4/27/1943,Austrian,http://en.wikipedia.org/wiki/Helmut_Marko
338,walker,\N,\N,,,6/10/1941,Australian,http://en.wikipedia.org/wiki/David_Walker_(racing_driver)
339,roig,\N,\N,,,10/29/1932,Spanish,http://en.wikipedia.org/wiki/Alex_Soler-Roig
340,love,\N,\N,,,12/7/1924,Rhodesian,http://en.wikipedia.org/wiki/John_Love_(racing_driver)
341,surtees,\N,\N,,,2/11/1934,British,http://en.wikipedia.org/wiki/John_Surtees
342,barber,\N,\N,,,11/16/1936,American,http://en.wikipedia.org/wiki/Skip_Barber
343,brack,\N,\N,,,12/26/1935,Canadian,http://en.wikipedia.org/wiki/Bill_Brack
344,posey,\N,\N,,,5/26/1944,American,http://en.wikipedia.org/wiki/Sam_Posey
345,rodriguez,\N,\N,,,1/18/1940,Mexican,http://en.wikipedia.org/wiki/Pedro_Rodr%C3%ADguez_(racing_driver)
346,siffert,\N,\N,,,7/7/1936,Swiss,http://en.wikipedia.org/wiki/Jo_Siffert
347,bonnier,\N,\N,,,1/31/1930,Swedish,http://en.wikipedia.org/wiki/Joakim_Bonnier
348,mazet,\N,\N,,,2/24/1943,French,http://en.wikipedia.org/wiki/Fran%C3%A7ois_Mazet
349,jean,\N,\N,,,7/27/1943,French,http://en.wikipedia.org/wiki/Max_Jean
350,elford,\N,\N,,,6/10/1935,British,http://en.wikipedia.org/wiki/Vic_Elford
351,moser,\N,\N,,,4/24/1941,Swiss,http://en.wikipedia.org/wiki/Silvio_Moser
352,eaton,\N,\N,,,11/12/1945,Canadian,http://en.wikipedia.org/wiki/George_Eaton
353,lovely,\N,\N,,,4/11/1926,American,http://en.wikipedia.org/wiki/Pete_Lovely
354,craft,\N,\N,,,11/17/1939,British,http://en.wikipedia.org/wiki/Chris_Craft_(racing_driver)
355,Cannoc,\N,\N,,,6/21/1933,Canadian,http://en.wikipedia.org/wiki/John_Cannon_(auto_racer)
356,jack_brabham,\N,\N,,,4/2/1926,Australian,http://en.wikipedia.org/wiki/Jack_Brabham
357,miles,\N,\N,,,6/14/1943,British,http://en.wikipedia.org/wiki/John_Miles_(auto_racer)
358,rindt,\N,\N,,,4/18/1942,Austrian,http://en.wikipedia.org/wiki/Jochen_Rindt
359,gavin,\N,\N,,,1/18/1942,French,http://en.wikipedia.org/wiki/Johnny_Servoz-Gavin
360,mclaren,\N,\N,,,8/30/1937,New Zealander,http://en.wikipedia.org/wiki/Bruce_McLaren
361,courage,\N,\N,,,5/27/1942,British,http://en.wikipedia.org/wiki/Piers_Courage
362,klerk,\N,\N,,,3/16/1935,South African,http://en.wikipedia.org/wiki/Peter_de_Klerk
363,giunti,\N,\N,,,8/30/1941,Italian,http://en.wikipedia.org/wiki/Ignazio_Giunti
364,gurney,\N,\N,,,4/13/1931,American,http://en.wikipedia.org/wiki/Dan_Gurney
365,hahne,\N,\N,,,3/28/1935,German,http://en.wikipedia.org/wiki/Hubert_Hahne
366,hutchison,\N,\N,,,4/26/1937,American,http://en.wikipedia.org/wiki/Gus_Hutchison
367,westbury,\N,\N,,,5/26/1938,British,http://en.wikipedia.org/wiki/Peter_Westbury
368,tingle,\N,\N,,,8/24/1921,Rhodesian,http://en.wikipedia.org/wiki/Sam_Tingle
369,rooyen,\N,\N,,,4/19/1939,South African,http://en.wikipedia.org/wiki/Basil_van_Rooyen
370,attwood,\N,\N,,,4/4/1940,British,http://en.wikipedia.org/wiki/Richard_Attwood
371,pease,\N,\N,,,10/15/1921,Canadian,http://en.wikipedia.org/wiki/Al_Pease
372,cordts,\N,\N,,,7/23/1935,Canadian,http://en.wikipedia.org/wiki/John_Cordts
373,clark,\N,\N,,,3/4/1936,British,http://en.wikipedia.org/wiki/Jim_Clark
374,spence,\N,\N,,,12/30/1936,British,http://en.wikipedia.org/wiki/Mike_Spence
375,scarfiotti,\N,\N,,,10/18/1933,Italian,http://en.wikipedia.org/wiki/Ludovico_Scarfiotti
376,bianchi,\N,BIA,,,11/10/1934,Belgian,http://en.wikipedia.org/wiki/Lucien_Bianchi
377,jo_schlesser,\N,\N,,,5/18/1928,French,http://en.wikipedia.org/wiki/Jo_Schlesser
378,widdows,\N,\N,,,5/27/1942,British,http://en.wikipedia.org/wiki/Robin_Widdows
379,ahrens,\N,\N,,,4/19/1940,German,"http://en.wikipedia.org/wiki/Kurt_Ahrens,_Jr."
380,gardner,\N,\N,,,10/1/1930,Australian,http://en.wikipedia.org/wiki/Frank_Gardner_(driver)
381,unser,\N,\N,,,2/20/1934,American,http://en.wikipedia.org/wiki/Bobby_Unser
382,solana,\N,\N,,,12/26/1935,Mexican,http://en.wikipedia.org/wiki/Mois%C3%A9s_Solana
383,anderson,\N,\N,,,5/19/1931,British,http://en.wikipedia.org/wiki/Bob_Anderson_(racing_driver)
384,botha,\N,\N,,,1/16/1930,South African,http://en.wikipedia.org/wiki/Luki_Botha
385,bandini,\N,\N,,,12/21/1935,Italian,http://en.wikipedia.org/wiki/Lorenzo_Bandini
386,ginther,\N,\N,,,8/5/1930,American,http://en.wikipedia.org/wiki/Richie_Ginther
387,parkes,\N,\N,,,9/24/1931,British,http://en.wikipedia.org/wiki/Mike_Parkes
388,irwin,\N,\N,,,6/27/1942,British,http://en.wikipedia.org/wiki/Chris_Irwin
389,ligier,\N,\N,,,7/12/1930,French,http://en.wikipedia.org/wiki/Guy_Ligier
390,rees,\N,\N,,,1/12/1938,British,http://en.wikipedia.org/wiki/Alan_Rees_(racing_driver)
391,hart,\N,\N,,,9/7/1936,British,http://en.wikipedia.org/wiki/Brian_Hart
392,fisher,\N,\N,,,3/13/1943,American,http://en.wikipedia.org/wiki/Mike_Fisher_(driver)
393,tom_jones,\N,\N,,,4/26/1943,American,http://en.wikipedia.org/wiki/Tom_Jones_(auto_racer)
394,baghetti,\N,\N,,,12/25/1934,Italian,http://en.wikipedia.org/wiki/Giancarlo_Baghetti
395,williams,\N,\N,,,10/26/1942,British,http://en.wikipedia.org/wiki/Jonathan_Williams_(racing_driver)
396,bondurant,\N,\N,,,4/27/1933,American,http://en.wikipedia.org/wiki/Bob_Bondurant
397,arundell,\N,\N,,,11/8/1933,British,http://en.wikipedia.org/wiki/Peter_Arundell
398,vic_wilson,\N,\N,,,4/14/1931,British,http://en.wikipedia.org/wiki/Vic_Wilson_(motor_racing_driver)
399,taylor,\N,\N,,,3/23/1933,British,http://en.wikipedia.org/wiki/John_Taylor_(racer)
400,lawrence,\N,\N,,,7/27/1933,British,http://en.wikipedia.org/wiki/Chris_Lawrence_(racing_driver)
401,trevor_taylor,\N,\N,,,12/26/1936,British,http://en.wikipedia.org/wiki/Trevor_Taylor
402,geki,\N,\N,,,10/23/1937,Italian,http://en.wikipedia.org/wiki/Geki_(driver)
403,phil_hill,\N,\N,,,4/20/1927,American,http://en.wikipedia.org/wiki/Phil_Hill
404,ireland,\N,\N,,,6/12/1930,British,http://en.wikipedia.org/wiki/Innes_Ireland
405,bucknum,\N,\N,,,4/5/1936,American,http://en.wikipedia.org/wiki/Ronnie_Bucknum
406,hawkins,\N,\N,,,10/12/1937,Australian,http://en.wikipedia.org/wiki/Paul_Hawkins_(racing_driver)
407,prophet,\N,\N,,,10/9/1937,British,http://en.wikipedia.org/wiki/David_Prophet
408,maggs,\N,\N,,,2/9/1937,South African,http://en.wikipedia.org/wiki/Tony_Maggs
409,blokdyk,\N,\N,,,11/30/1935,South African,http://en.wikipedia.org/wiki/Trevor_Blokdyk
410,lederle,\N,\N,,,9/25/1938,South African,http://en.wikipedia.org/wiki/Neville_Lederle
411,serrurier,\N,\N,,,12/9/1920,South African,http://en.wikipedia.org/wiki/Doug_Serrurier
412,niemann,\N,\N,,,1/7/1939,South African,http://en.wikipedia.org/wiki/Brausch_Niemann
413,pieterse,\N,\N,,,7/4/1938,South African,http://en.wikipedia.org/wiki/Ernie_Pieterse
414,puzey,\N,\N,,,7/11/1941,Rhodesian,http://en.wikipedia.org/wiki/Clive_Puzey
415,reed,\N,\N,,,4/30/1932,South African,http://en.wikipedia.org/wiki/Ray_Reed
416,clapham,\N,\N,,,5/18/1931,South African,http://en.wikipedia.org/wiki/David_Clapham
417,blignaut,\N,\N,,,11/30/1932,South African,http://en.wikipedia.org/wiki/Alex_Blignaut
418,gregory,\N,\N,,,2/29/1932,American,http://en.wikipedia.org/wiki/Masten_Gregory
419,rhodes,\N,\N,,,8/18/1927,British,http://en.wikipedia.org/wiki/John_Rhodes_(driver)
420,raby,\N,\N,,,9/22/1921,British,http://en.wikipedia.org/wiki/Ian_Raby
421,rollinson,\N,\N,,,5/15/1943,British,http://en.wikipedia.org/wiki/Alan_Rollinson
422,gubby,\N,\N,,,4/17/1934,British,http://en.wikipedia.org/wiki/Brian_Gubby
423,mitter,\N,\N,,,8/30/1935,German,http://en.wikipedia.org/wiki/Gerhard_Mitter
424,bussinello,\N,\N,,,10/4/1927,Italian,http://en.wikipedia.org/wiki/Roberto_Bussinello
425,vaccarella,\N,\N,,,3/4/1933,Italian,http://en.wikipedia.org/wiki/Nino_Vaccarella
426,bassi,\N,\N,,,1/20/1934,Italian,http://en.wikipedia.org/wiki/Giorgio_Bassi
427,trintignant,\N,\N,,,10/30/1917,French,http://en.wikipedia.org/wiki/Maurice_Trintignant
428,collomb,\N,\N,,,10/7/1930,French,http://en.wikipedia.org/wiki/Bernard_Collomb
429,andre_pilette,\N,\N,,,10/6/1918,Belgian,http://en.wikipedia.org/wiki/Andr%C3%A9_Pilette
430,beaufort,\N,\N,,,4/10/1934,Dutch,http://en.wikipedia.org/wiki/Carel_Godin_de_Beaufort
431,barth,\N,\N,,,1/26/1917,German,http://en.wikipedia.org/wiki/Edgar_Barth
432,cabral,\N,\N,,,1/15/1934,Portuguese,http://en.wikipedia.org/wiki/Mario_de_Araujo_Cabral
433,hansgen,\N,\N,,,10/28/1919,American,http://en.wikipedia.org/wiki/Walt_Hansgen
434,sharp,\N,\N,,,1/1/1928,American,http://en.wikipedia.org/wiki/Hap_Sharp
435,mairesse,\N,\N,,,10/1/1928,Belgian,http://en.wikipedia.org/wiki/Willy_Mairesse
436,campbell-jones,\N,\N,,,1/21/1930,British,http://en.wikipedia.org/wiki/John_Campbell-Jones
437,burgess,\N,\N,,,7/6/1930,British,http://en.wikipedia.org/wiki/Ian_Burgess
438,settember,\N,\N,,,7/10/1926,American,http://en.wikipedia.org/wiki/Tony_Settember
439,estefano,\N,\N,,,11/18/1932,Argentine,http://en.wikipedia.org/wiki/Nasif_Est%C3%A9fano
440,hall,\N,\N,,,7/23/1935,American,http://en.wikipedia.org/wiki/Jim_Hall_(race_car_driver)
441,parnell,\N,\N,,,6/25/1932,British,http://en.wikipedia.org/wiki/Tim_Parnell
442,kuhnke,\N,\N,,,4/30/1910,German,http://en.wikipedia.org/wiki/Kurt_Kuhnke
443,ernesto_brambilla,\N,\N,,,1/31/1934,Italian,http://en.wikipedia.org/wiki/Ernesto_Brambilla
444,lippi,\N,\N,,,10/17/1926,Italian,http://en.wikipedia.org/wiki/Roberto_Lippi
445,seiffert,\N,\N,,,10/18/1937,German,http://en.wikipedia.org/wiki/G%C3%BCnther_Seiffert
446,abate,\N,\N,,,7/10/1932,Italian,http://en.wikipedia.org/wiki/Carlo_Mario_Abate
447,starrabba,\N,\N,,,12/3/1932,Italian,http://en.wikipedia.org/wiki/Gaetano_Starrabba
448,broeker,\N,\N,,,5/15/1926,Canadian,http://en.wikipedia.org/wiki/Peter_Broeker
449,ward,\N,\N,,,1/10/1921,American,http://en.wikipedia.org/wiki/Rodger_Ward
450,vos,\N,\N,,,7/1/1941,Dutch,http://en.wikipedia.org/wiki/Ernie_de_Vos
451,dochnal,\N,\N,,,10/8/1920,American,http://en.wikipedia.org/wiki/Frank_Dochnal
452,monarch,\N,\N,,,9/3/1945,American,
842,gasly,10,GAS,,,2/7/1996,French,http://en.wikipedia.org/wiki/Pierre_Gasly
453,lewis,\N,\N,,,11/1/1936,British,http://en.wikipedia.org/wiki/Jackie_Lewis
454,ricardo_rodriguez,\N,\N,,,2/14/1942,Mexican,http://en.wikipedia.org/wiki/Ricardo_Rodr%C3%ADguez_(Formula_One)
455,seidel,\N,\N,,,7/4/1926,German,http://en.wikipedia.org/wiki/Wolfgang_Seidel
456,salvadori,\N,\N,,,5/12/1922,British,http://en.wikipedia.org/wiki/Roy_Salvadori
457,pon,\N,\N,,,12/9/1936,Dutch,http://en.wikipedia.org/wiki/Ben_Pon
458,slotemaker,\N,\N,,,6/13/1929,Dutch,http://en.wikipedia.org/wiki/Rob_Slotemaker
459,marsh,\N,\N,,,7/20/1931,British,http://en.wikipedia.org/wiki/Tony_Marsh_(racing_driver)
460,ashmore,\N,\N,,,7/25/1936,British,http://en.wikipedia.org/wiki/Gerry_Ashmore
461,schiller,\N,\N,,,1/25/1930,Swiss,http://en.wikipedia.org/wiki/Heinz_Schiller
462,davis,\N,\N,,,7/29/1933,British,http://en.wikipedia.org/wiki/Colin_Davis_(driver)
463,chamberlain,\N,\N,,,12/29/1925,American,http://en.wikipedia.org/wiki/Jay_Chamberlain
464,shelly,\N,\N,,,2/2/1937,New Zealander,http://en.wikipedia.org/wiki/Tony_Shelly
465,greene,\N,\N,,,1/5/1938,British,http://en.wikipedia.org/wiki/Keith_Greene
466,walter,\N,\N,,,7/28/1927,Swiss,http://en.wikipedia.org/wiki/Heini_Walter
467,prinoth,\N,\N,,,4/15/1923,Italian,http://en.wikipedia.org/wiki/Ernesto_Prinoth
468,penske,\N,\N,,,2/20/1937,American,http://en.wikipedia.org/wiki/Roger_Penske
469,schroeder,\N,\N,,,5/11/1926,British,http://en.wikipedia.org/wiki/Rob_Schroeder
470,mayer,\N,\N,,,2/22/1938,American,http://en.wikipedia.org/wiki/Timmy_Mayer
471,johnstone,\N,\N,,,1/30/1937,South African,http://en.wikipedia.org/wiki/Bruce_Johnstone_(racing_driver)
472,harris,\N,\N,,,5/25/1939,South African,http://en.wikipedia.org/wiki/Mike_Harris_(race_car_driver)
473,hocking,\N,\N,,,9/30/1937,Rhodesian,http://en.wikipedia.org/wiki/Gary_Hocking
474,vyver,\N,\N,,,6/1/1920,South African,http://en.wikipedia.org/wiki/Syd_van_der_Vyver
475,moss,\N,\N,,,9/17/1929,British,http://en.wikipedia.org/wiki/Stirling_Moss
476,trips,\N,\N,,,5/4/1928,German,http://en.wikipedia.org/wiki/Wolfgang_Graf_Berghe_von_Trips
477,allison,\N,\N,,,2/8/1932,British,http://en.wikipedia.org/wiki/Cliff_Allison
478,herrmann,\N,\N,,,2/23/1928,German,http://en.wikipedia.org/wiki/Hans_Herrmann
479,brooks,\N,\N,,,2/25/1932,British,http://en.wikipedia.org/wiki/Tony_Brooks
480,may,\N,\N,,,8/18/1934,Swiss,http://en.wikipedia.org/wiki/Michael_May_(racing_driver)
481,henry_taylor,\N,\N,,,12/16/1932,British,http://en.wikipedia.org/wiki/Henry_Taylor_(racing_driver)
482,gendebien,\N,\N,,,1/12/1924,Belgian,http://en.wikipedia.org/wiki/Olivier_Gendebien
483,scarlatti,\N,\N,,,10/2/1921,Italian,http://en.wikipedia.org/wiki/Giorgio_Scarlatti
484,naylor,\N,\N,,,3/24/1923,British,http://en.wikipedia.org/wiki/Brian_Naylor
485,bordeu,\N,\N,,,1/28/1934,Argentine,http://en.wikipedia.org/wiki/Juan_Manuel_Bordeu
486,fairman,\N,\N,,,3/15/1913,British,http://en.wikipedia.org/wiki/Jack_Fairman
487,natili,\N,\N,,,7/28/1935,Italian,http://en.wikipedia.org/wiki/Massimo_Natili
488,monteverdi,\N,\N,,,6/7/1934,Swiss,http://en.wikipedia.org/wiki/Peter_Monteverdi
489,pirocchi,\N,\N,,,3/26/1933,Italian,http://en.wikipedia.org/wiki/Renato_Pirocchi
490,duke,\N,\N,,,3/29/1923,British,http://en.wikipedia.org/wiki/Geoff_Duke
491,thiele,\N,\N,,,4/5/1920,American-Italian,http://en.wikipedia.org/wiki/Alfonso_Thiele
492,boffa,\N,\N,,,1/4/1930,Italian,http://en.wikipedia.org/wiki/Menato_Boffa
493,ryan,\N,\N,,,6/10/1940,Canadian,http://en.wikipedia.org/wiki/Peter_Ryan_(driver)
494,ruby,\N,\N,,,1/12/1928,American,http://en.wikipedia.org/wiki/Lloyd_Ruby
495,ken_miles,\N,\N,,,11/1/1918,British,http://en.wikipedia.org/wiki/Ken_Miles
496,menditeguy,\N,\N,,,8/10/1914,Argentine,http://en.wikipedia.org/wiki/Carlos_Menditeguy
497,larreta,\N,\N,,,1/14/1934,Argentine,http://en.wikipedia.org/wiki/Alberto_Rodriguez_Larreta
498,gonzalez,\N,\N,,,10/5/1922,Argentine,http://en.wikipedia.org/wiki/Jos%C3%A9_Froil%C3%A1n_Gonz%C3%A1lez
499,bonomi,\N,\N,,,9/30/1919,Argentine,http://en.wikipedia.org/wiki/Roberto_Bonomi
500,munaron,\N,\N,,,4/2/1928,Italian,http://en.wikipedia.org/wiki/Gino_Munaron
501,schell,\N,\N,,,6/29/1921,American,http://en.wikipedia.org/wiki/Harry_Schell
502,stacey,\N,\N,,,8/29/1933,British,http://en.wikipedia.org/wiki/Alan_Stacey
503,chimeri,\N,\N,,,6/4/1921,Venezuelan,http://en.wikipedia.org/wiki/Ettore_Chimeri
504,creus,\N,\N,,,10/28/1924,Spanish,http://en.wikipedia.org/wiki/Antonio_Creus
505,bristow,\N,\N,,,12/2/1937,British,http://en.wikipedia.org/wiki/Chris_Bristow
506,halford,\N,\N,,,5/18/1931,British,http://en.wikipedia.org/wiki/Bruce_Halford
507,daigh,\N,\N,,,11/29/1923,American,http://en.wikipedia.org/wiki/Chuck_Daigh
508,reventlow,\N,\N,,,2/24/1936,American,http://en.wikipedia.org/wiki/Lance_Reventlow
509,rathmann,\N,\N,,,7/16/1928,American,http://en.wikipedia.org/wiki/Jim_Rathmann
510,goldsmith,\N,\N,,,10/2/1925,American,http://en.wikipedia.org/wiki/Paul_Goldsmith
511,branson,\N,\N,,,6/2/1920,American,http://en.wikipedia.org/wiki/Don_Branson
512,thomson,\N,\N,,,4/9/1922,American,http://en.wikipedia.org/wiki/Johnny_Thomson
513,johnson,\N,\N,,,2/10/1919,American,http://en.wikipedia.org/wiki/Eddie_Johnson_(auto_racer)
514,veith,\N,\N,,,11/1/1926,American,http://en.wikipedia.org/wiki/Bob_Veith
515,tingelstad,\N,\N,,,4/4/1928,American,http://en.wikipedia.org/wiki/Bud_Tingelstad
516,christie,\N,\N,,,4/4/1924,American,http://en.wikipedia.org/wiki/Bob_Christie_(racing_driver)
517,amick,\N,\N,,,1/19/1929,American,http://en.wikipedia.org/wiki/Red_Amick
518,darter,\N,\N,,,5/5/1913,American,http://en.wikipedia.org/wiki/Duane_Carter
519,homeier,\N,\N,,,8/31/1918,American,http://en.wikipedia.org/wiki/Bill_Homeier
520,hartley,\N,\N,,,1/28/1926,American,http://en.wikipedia.org/wiki/Gene_Hartley
521,stevenson,\N,\N,,,10/15/1919,American,http://en.wikipedia.org/wiki/Chuck_Stevenson
522,grim,\N,\N,,,9/4/1924,American,http://en.wikipedia.org/wiki/Bobby_Grim
523,templeman,\N,\N,,,8/12/1919,American,http://en.wikipedia.org/wiki/Shorty_Templeman
524,hurtubise,\N,\N,,,12/5/1932,American,http://en.wikipedia.org/wiki/Jim_Hurtubise
525,bryan,\N,\N,,,1/28/1926,American,http://en.wikipedia.org/wiki/Jimmy_Bryan
526,ruttman,\N,\N,,,3/11/1930,American,http://en.wikipedia.org/wiki/Troy_Ruttman
527,sachs,\N,\N,,,5/28/1927,American,http://en.wikipedia.org/wiki/Eddie_Sachs
528,freeland,\N,\N,,,3/25/1925,American,http://en.wikipedia.org/wiki/Don_Freeland
529,bettenhausen,\N,\N,,,9/12/1916,American,http://en.wikipedia.org/wiki/Tony_Bettenhausen
530,weiler,\N,\N,,,12/9/1934,American,http://en.wikipedia.org/wiki/Wayne_Weiler
531,foyt,\N,\N,,,1/16/1935,American,http://en.wikipedia.org/wiki/A.J._Foyt
532,russo,\N,\N,,,11/19/1925,American,http://en.wikipedia.org/wiki/Eddie_Russo
533,boyd,\N,\N,,,8/19/1926,American,http://en.wikipedia.org/wiki/Johnny_Boyd
534,force,\N,\N,,,6/15/1916,American,http://en.wikipedia.org/wiki/Gene_Force
535,mcwithey,\N,\N,,,7/4/1927,American,http://en.wikipedia.org/wiki/Jim_McWithey
536,sutton,\N,\N,,,8/9/1925,American,http://en.wikipedia.org/wiki/Len_Sutton
537,dick_rathmann,\N,\N,,,1/6/1924,American,http://en.wikipedia.org/wiki/Dick_Rathmann
538,herman,\N,\N,,,3/15/1927,American,http://en.wikipedia.org/wiki/Al_Herman
539,dempsey_wilson,\N,\N,,,3/11/1927,American,http://en.wikipedia.org/wiki/Dempsey_Wilson
540,mike_taylor,\N,\N,,,4/24/1934,British,http://en.wikipedia.org/wiki/Mike_Taylor_(driver)
541,flockhart,\N,\N,,,6/16/1923,British,http://en.wikipedia.org/wiki/Ron_Flockhart_(auto_racing)
542,piper,\N,\N,,,12/2/1930,British,http://en.wikipedia.org/wiki/David_Piper
543,cabianca,\N,\N,,,2/19/1923,Italian,http://en.wikipedia.org/wiki/Giulio_Cabianca
544,drogo,\N,\N,,,8/8/1926,Italian,http://en.wikipedia.org/wiki/Piero_Drogo
545,gamble,\N,\N,,,3/17/1932,American,http://en.wikipedia.org/wiki/Fred_Gamble_(racing_driver)
546,owen,\N,\N,,,3/23/1915,British,http://en.wikipedia.org/wiki/Arthur_Owen
547,gould,\N,\N,,,9/20/1918,British,http://en.wikipedia.org/wiki/Horace_Gould
548,drake,\N,\N,,,12/14/1919,American,http://en.wikipedia.org/wiki/Bob_Drake_(Formula_One)
549,bueb,\N,\N,,,6/6/1923,British,http://en.wikipedia.org/wiki/Ivor_Bueb
550,Changy,\N,\N,,,2/5/1922,Belgian,http://en.wikipedia.org/wiki/Alain_de_Changy
551,filippis,\N,\N,,,11/11/1926,Italian,http://en.wikipedia.org/wiki/Maria_Teresa_de_Filippis
552,lucienbonnet,\N,\N,,,1/7/1923,French,http://en.wikipedia.org/wiki/Jean_Lucienbonnet
553,testut,\N,\N,,,4/13/1926,Monegasque,http://en.wikipedia.org/wiki/Andr%C3%A9_Testut
554,behra,\N,\N,,,2/16/1921,French,http://en.wikipedia.org/wiki/Jean_Behra
555,paul_russo,\N,\N,,,4/10/1914,American,http://en.wikipedia.org/wiki/Paul_Russo
556,daywalt,\N,\N,,,8/28/1924,American,http://en.wikipedia.org/wiki/Jimmy_Daywalt
557,arnold,\N,\N,,,5/30/1926,American,http://en.wikipedia.org/wiki/Chuck_Arnold
558,keller,\N,\N,,,4/11/1920,American,http://en.wikipedia.org/wiki/Al_Keller
559,flaherty,\N,\N,,,1/6/1926,American,http://en.wikipedia.org/wiki/Pat_Flaherty_(racing_driver)
560,cheesbourg,\N,\N,,,6/12/1927,American,http://en.wikipedia.org/wiki/Bill_Cheesbourg
561,ray_crawford,\N,\N,,,10/26/1915,American,http://en.wikipedia.org/wiki/Ray_Crawford
562,turner,\N,\N,,,2/12/1920,American,http://en.wikipedia.org/wiki/Jack_Turner_(driver)
563,weyant,\N,\N,,,4/3/1923,American,http://en.wikipedia.org/wiki/Chuck_Weyant
564,larson,\N,\N,,,1/21/1923,American,http://en.wikipedia.org/wiki/Jud_Larson
565,magill,\N,\N,,,2/8/1920,American,http://en.wikipedia.org/wiki/Mike_Magill
566,shelby,\N,\N,,,1/11/1923,American,http://en.wikipedia.org/wiki/Carroll_Shelby
567,orey,\N,\N,,,3/25/1938,Brazilian,http://en.wikipedia.org/wiki/Fritz_d%27Orey
568,fontes,\N,\N,,,12/26/1922,Uruguayan,http://en.wikipedia.org/wiki/Azdrubal_Fontes
569,ashdown,\N,\N,,,10/16/1934,British,http://en.wikipedia.org/wiki/Peter_Ashdown
570,bill_moss,\N,\N,,,9/4/1933,British,http://en.wikipedia.org/wiki/Bill_Moss_(racing_driver)
571,dennis_taylor,\N,\N,,,6/12/1921,British,http://en.wikipedia.org/wiki/Dennis_Taylor_(racing_driver)
572,blanchard,\N,\N,,,6/13/1929,American,http://en.wikipedia.org/wiki/Harry_Blanchard
573,tomaso,\N,\N,,,7/10/1928,Argentine-Italian,http://en.wikipedia.org/wiki/Alessandro_de_Tomaso
574,constantine,\N,\N,,,2/22/1918,American,http://en.wikipedia.org/wiki/George_Constantine
575,said,\N,\N,,,5/5/1932,American,http://en.wikipedia.org/wiki/Bob_Said
576,cade,\N,\N,,,6/12/1916,American,http://en.wikipedia.org/wiki/Phil_Cade
577,musso,\N,\N,,,7/28/1924,Italian,http://en.wikipedia.org/wiki/Luigi_Musso
578,hawthorn,\N,\N,,,4/10/1929,British,http://en.wikipedia.org/wiki/Mike_Hawthorn
579,fangio,\N,\N,,,6/24/1911,Argentine,http://en.wikipedia.org/wiki/Juan_Manuel_Fangio
580,godia,\N,\N,,,3/21/1921,Spanish,http://en.wikipedia.org/wiki/Paco_Godia
581,collins,\N,\N,,,11/6/1931,British,http://en.wikipedia.org/wiki/Peter_Collins_(racing_driver)
582,kavanagh,\N,\N,,,12/12/1923,Australian,http://en.wikipedia.org/wiki/Ken_Kavanagh
583,gerini,\N,\N,,,8/10/1928,Italian,http://en.wikipedia.org/wiki/Gerino_Gerini_(racing_driver)
584,kessler,\N,\N,,,3/23/1936,American,http://en.wikipedia.org/wiki/Bruce_Kessler
585,emery,\N,\N,,,11/12/1916,British,http://en.wikipedia.org/wiki/Paul_Emery
586,piotti,\N,\N,,,10/27/1913,Italian,http://en.wikipedia.org/wiki/Luigi_Piotti
587,ecclestone,\N,\N,,,10/28/1930,British,http://en.wikipedia.org/wiki/Bernie_Ecclestone
588,taramazzo,\N,\N,,,5/5/1932,Italian,http://en.wikipedia.org/wiki/Luigi_Taramazzo
589,chiron,\N,\N,,,1899-08-03,Monegasque,http://en.wikipedia.org/wiki/Louis_Chiron
590,lewis-evans,\N,\N,,,4/20/1930,British,http://en.wikipedia.org/wiki/Stuart_Lewis-Evans
591,george_amick,\N,\N,,,10/24/1924,American,http://en.wikipedia.org/wiki/George_Amick
592,reece,\N,\N,,,11/17/1929,American,http://en.wikipedia.org/wiki/Jimmy_Reece
593,parsons,\N,\N,,,7/4/1918,American,http://en.wikipedia.org/wiki/Johnnie_Parsons
594,tolan,\N,\N,,,10/22/1917,American,http://en.wikipedia.org/wiki/Johnnie_Tolan
595,garrett,\N,\N,,,4/24/1933,American,http://en.wikipedia.org/wiki/Billy_Garrett
596,elisian,\N,\N,,,12/9/1926,American,http://en.wikipedia.org/wiki/Ed_Elisian
597,connor,\N,\N,,,10/9/1928,American,http://en.wikipedia.org/wiki/Pat_O%27Connor_(auto_racer)
598,jerry_unser,\N,\N,,,11/15/1932,American,http://en.wikipedia.org/wiki/Jerry_Unser
599,bisch,\N,\N,,,11/10/1926,American,http://en.wikipedia.org/wiki/Art_Bisch
600,goethals,\N,\N,,,8/4/1928,Belgian,http://en.wikipedia.org/wiki/Christian_Goethals
601,gibson,\N,\N,,,4/16/1918,British,http://en.wikipedia.org/wiki/Dick_Gibson
602,la_caze,\N,\N,,,2/26/1917,French,http://en.wikipedia.org/wiki/Robert_La_Caze
603,guelfi,\N,\N,,,5/6/1919,French,http://en.wikipedia.org/wiki/Andr%C3%A9_Guelfi
604,picard,\N,\N,,,4/26/1921,French,http://en.wikipedia.org/wiki/Fran%C3%A7ois_Picard
605,bridger,\N,\N,,,6/24/1934,British,http://en.wikipedia.org/wiki/Tom_Bridger
606,portago,\N,\N,,,10/11/1928,Spanish,http://en.wikipedia.org/wiki/Alfonso_de_Portago
607,perdisa,\N,\N,,,10/21/1932,Italian,http://en.wikipedia.org/wiki/Cesare_Perdisa
608,castellotti,\N,\N,,,10/10/1930,Italian,http://en.wikipedia.org/wiki/Eugenio_Castellotti
609,simon,\N,\N,,,1/5/1920,French,http://en.wikipedia.org/wiki/Andr%C3%A9_Simon_(racing_driver)
610,leston,\N,\N,,,12/16/1920,British,http://en.wikipedia.org/wiki/Les_Leston
611,hanks,\N,\N,,,7/13/1914,American,http://en.wikipedia.org/wiki/Sam_Hanks
612,linden,\N,\N,,,4/5/1922,American,http://en.wikipedia.org/wiki/Andy_Linden_(racing_driver)
613,teague,\N,\N,,,2/22/1921,American,http://en.wikipedia.org/wiki/Marshall_Teague
614,edmunds,\N,\N,,,9/23/1930,American,http://en.wikipedia.org/wiki/Don_Edmunds
615,agabashian,\N,\N,,,8/21/1913,American,http://en.wikipedia.org/wiki/Fred_Agabashian
616,george,\N,\N,,,7/15/1928,American,http://en.wikipedia.org/wiki/Elmer_George
617,macdowel,\N,\N,,,9/13/1932,British,http://en.wikipedia.org/wiki/Mike_MacDowel
618,mackay-fraser,\N,\N,,,6/23/1927,American,http://en.wikipedia.org/wiki/Herbert_MacKay-Fraser
619,gerard,\N,\N,,,1/19/1914,British,http://en.wikipedia.org/wiki/Bob_Gerard
620,maglioli,\N,\N,,,6/5/1928,Italian,http://en.wikipedia.org/wiki/Umberto_Maglioli
621,england,\N,\N,,,3/28/1929,Australian,http://en.wikipedia.org/wiki/Paul_England
622,landi,\N,\N,,,7/14/1907,Brazilian,http://en.wikipedia.org/wiki/Chico_Landi
623,uria,\N,\N,,,7/11/1924,Uruguayan,http://en.wikipedia.org/wiki/Alberto_Uria
624,ramos,\N,\N,,,12/7/1925,Brazilian,http://en.wikipedia.org/wiki/Hernando_da_Silva_Ramos
625,bayol,\N,\N,,,2/28/1914,French,http://en.wikipedia.org/wiki/%C3%89lie_Bayol
626,manzon,\N,\N,,,4/12/1917,French,http://en.wikipedia.org/wiki/Robert_Manzon
627,rosier,\N,\N,,,11/5/1905,French,http://en.wikipedia.org/wiki/Louis_Rosier
628,sweikert,\N,\N,,,5/20/1926,American,http://en.wikipedia.org/wiki/Bob_Sweikert
629,griffith,\N,\N,,,2/6/1916,American,http://en.wikipedia.org/wiki/Cliff_Griffith
630,dinsmore,\N,\N,,,4/10/1913,American,http://en.wikipedia.org/wiki/Duke_Dinsmore
631,andrews,\N,\N,,,6/15/1920,American,http://en.wikipedia.org/wiki/Keith_Andrews_(driver)
632,frere,\N,\N,,,1/30/1917,Belgian,http://en.wikipedia.org/wiki/Paul_Fr%C3%A8re
633,villoresi,\N,\N,,,5/16/1909,Italian,http://en.wikipedia.org/wiki/Luigi_Villoresi
634,scotti,\N,\N,,,11/11/1909,Italian,http://en.wikipedia.org/wiki/Piero_Scotti
635,chapman,\N,\N,,,5/19/1928,British,http://en.wikipedia.org/wiki/Colin_Chapman
636,titterington,\N,\N,,,5/1/1928,British,http://en.wikipedia.org/wiki/Desmond_Titterington
637,scott_Brown,\N,\N,,,5/13/1927,British,http://en.wikipedia.org/wiki/Archie_Scott_Brown
638,volonterio,\N,\N,,,12/7/1917,Swiss,http://en.wikipedia.org/wiki/Ottorino_Volonterio
639,milhoux,\N,\N,,,12/9/1928,Belgian,http://en.wikipedia.org/wiki/Andr%C3%A9_Milhoux
640,graffenried,\N,\N,,,5/18/1914,Swiss,http://en.wikipedia.org/wiki/Toulo_de_Graffenried
641,taruffi,\N,\N,,,10/12/1906,Italian,http://en.wikipedia.org/wiki/Piero_Taruffi
642,farina,\N,\N,,,10/30/1906,Italian,http://en.wikipedia.org/wiki/Nino_Farina
643,mieres,\N,\N,,,12/3/1924,Argentine,http://en.wikipedia.org/wiki/Roberto_Mieres
644,mantovani,\N,\N,,,5/22/1929,Italian,http://en.wikipedia.org/wiki/Sergio_Mantovani
645,bucci,\N,\N,,,9/4/1920,Argentine,http://en.wikipedia.org/wiki/Clemar_Bucci
646,iglesias,\N,\N,,,2/22/1922,Argentine,http://en.wikipedia.org/wiki/Jes%C3%BAs_Iglesias
647,ascari,\N,\N,,,7/13/1918,Italian,http://en.wikipedia.org/wiki/Alberto_Ascari
648,kling,\N,\N,,,9/16/1910,German,http://en.wikipedia.org/wiki/Karl_Kling
649,birger,\N,\N,,,1/7/1924,Argentine,http://en.wikipedia.org/wiki/Pablo_Birger
650,pollet,\N,\N,,,7/2/1922,French,http://en.wikipedia.org/wiki/Jacques_Pollet
651,macklin,\N,\N,,,9/2/1919,British,http://en.wikipedia.org/wiki/Lance_Macklin
652,whiteaway,\N,\N,,,11/1/1928,British,http://en.wikipedia.org/wiki/Ted_Whiteaway
653,davies,\N,\N,,,8/8/1929,American,http://en.wikipedia.org/wiki/Jimmy_Davies
654,faulkner,\N,\N,,,2/16/1920,American,http://en.wikipedia.org/wiki/Walt_Faulkner
655,niday,\N,\N,,,4/29/1914,American,http://en.wikipedia.org/wiki/Cal_Niday
656,cross,\N,\N,,,1/24/1918,American,http://en.wikipedia.org/wiki/Art_Cross
657,vukovich,\N,\N,,,12/13/1918,American,http://en.wikipedia.org/wiki/Bill_Vukovich
658,mcgrath,\N,\N,,,10/8/1919,American,http://en.wikipedia.org/wiki/Jack_McGrath_(racing_driver)
659,hoyt,\N,\N,,,1/29/1929,American,http://en.wikipedia.org/wiki/Jerry_Hoyt
660,claes,\N,\N,,,8/11/1916,Belgian,http://en.wikipedia.org/wiki/Johnny_Claes
661,peter_walker,\N,\N,,,10/7/1912,British,http://en.wikipedia.org/wiki/Peter_Walker_(driver)
662,sparken,\N,\N,,,6/16/1930,French,http://en.wikipedia.org/wiki/Mike_Sparken
663,wharton,\N,\N,,,3/21/1916,British,http://en.wikipedia.org/wiki/Ken_Wharton
664,mcalpine,\N,\N,,,9/21/1920,British,http://en.wikipedia.org/wiki/Kenneth_McAlpine
665,marr,\N,\N,,,8/14/1922,British,http://en.wikipedia.org/wiki/Leslie_Marr
666,rolt,\N,\N,,,10/16/1918,British,http://en.wikipedia.org/wiki/Tony_Rolt
667,fitch,\N,\N,,,8/4/1917,American,http://en.wikipedia.org/wiki/John_Fitch_(driver)
668,lucas,\N,\N,,,4/25/1917,French,http://en.wikipedia.org/wiki/Jean_Lucas
669,bira,\N,\N,,,7/15/1914,Thai,http://en.wikipedia.org/wiki/Prince_Bira
670,marimon,\N,\N,,,12/19/1923,Argentine,http://en.wikipedia.org/wiki/Onofre_Marim%C3%B3n
671,loyer,\N,\N,,,8/5/1907,French,http://en.wikipedia.org/wiki/Roger_Loyer
672,daponte,\N,\N,,,6/5/1923,Argentine,http://en.wikipedia.org/wiki/Jorge_Daponte
673,nazaruk,\N,\N,,,10/2/1921,American,http://en.wikipedia.org/wiki/Mike_Nazaruk
674,crockett,\N,\N,,,10/23/1926,American,http://en.wikipedia.org/wiki/Larry_Crockett
675,ayulo,\N,\N,,,10/20/1921,American,http://en.wikipedia.org/wiki/Manny_Ayulo
676,armi,\N,\N,,,10/12/1918,American,http://en.wikipedia.org/wiki/Frank_Armi
677,webb,\N,\N,,,10/8/1910,American,http://en.wikipedia.org/wiki/Travis_Webb
678,duncan,\N,\N,,,7/25/1911,American,http://en.wikipedia.org/wiki/Len_Duncan
679,mccoy,\N,\N,,,2/19/1921,American,http://en.wikipedia.org/wiki/Ernie_McCoy
680,swaters,\N,\N,,,10/30/1926,American,http://en.wikipedia.org/wiki/Jacques_Swaters
681,georges_berger,\N,\N,,,9/14/1918,Belgian,http://en.wikipedia.org/wiki/Georges_Berger
682,beauman,\N,\N,,,7/26/1928,British,http://en.wikipedia.org/wiki/Don_Beauman
683,thorne,\N,\N,,,6/23/1916,British,http://en.wikipedia.org/wiki/Leslie_Thorne
684,whitehouse,\N,\N,,,4/1/1909,British,http://en.wikipedia.org/wiki/Bill_Whitehouse
685,riseley_prichard,\N,\N,,,1/17/1924,British,http://en.wikipedia.org/wiki/John_Riseley-Prichard
686,reg_parnell,\N,\N,,,7/2/1911,British,http://en.wikipedia.org/wiki/Reg_Parnell
687,whitehead,\N,\N,,,11/12/1914,British,http://en.wikipedia.org/wiki/Peter_Whitehead_(racing_driver)
688,brandon,\N,\N,,,7/18/1920,British,http://en.wikipedia.org/wiki/Eric_Brandon
689,alan_brown,\N,\N,,,11/20/1919,British,http://en.wikipedia.org/wiki/Alan_Brown_(racing_driver)
690,nuckey,\N,\N,,,6/26/1929,British,http://en.wikipedia.org/wiki/Rodney_Nuckey
691,lang,\N,\N,,,4/6/1909,German,http://en.wikipedia.org/wiki/Hermann_Lang
692,helfrich,\N,\N,,,5/13/1913,German,http://en.wikipedia.org/wiki/Theo_Helfrich
693,wacker,\N,\N,,,7/10/1918,American,http://en.wikipedia.org/wiki/Fred_Wacker
694,riu,\N,\N,,,3/10/1925,Italian,http://en.wikipedia.org/wiki/Giovanni_de_Riu
695,galvez,\N,\N,,,8/17/1913,Argentine,http://en.wikipedia.org/wiki/%C3%93scar_Alfredo_G%C3%A1lvez
696,john_barber,\N,\N,,,7/22/1929,British,http://en.wikipedia.org/wiki/John_Barber_(racing_driver)
697,bonetto,\N,\N,,,6/9/1903,Italian,http://en.wikipedia.org/wiki/Felice_Bonetto
698,cruz,\N,\N,,,6/28/1923,Argentine,http://en.wikipedia.org/wiki/Adolfo_Schewelm_Cruz
699,nalon,\N,\N,,,3/2/1913,American,http://en.wikipedia.org/wiki/Duke_Nalon
700,scarborough,\N,\N,,,7/3/1914,American,http://en.wikipedia.org/wiki/Carl_Scarborough
701,holland,\N,\N,,,12/18/1907,American,http://en.wikipedia.org/wiki/Bill_Holland
702,bob_scott,\N,\N,,,10/4/1928,American,http://en.wikipedia.org/wiki/Bob_Scott_(auto_racer)
703,legat,\N,\N,,,1898-11-01,Belgian,http://en.wikipedia.org/wiki/Arthur_Legat
704,cabantous,\N,\N,,,10/8/1904,French,http://en.wikipedia.org/wiki/Yves_Giraud_Cabantous
705,crook,\N,\N,,,2/16/1920,British,http://en.wikipedia.org/wiki/Tony_Crook
706,jimmy_stewart,\N,\N,,,3/6/1931,British,http://en.wikipedia.org/wiki/Jimmy_Stewart_(racing_driver)
707,ian_stewart,\N,\N,,,7/15/1929,British,http://en.wikipedia.org/wiki/Ian_Stewart_(racing_driver)
708,duncan_hamilton,\N,\N,,,4/30/1920,British,http://en.wikipedia.org/wiki/Duncan_Hamilton_(racing_driver)
709,klodwig,\N,\N,,,5/23/1903,East German,http://en.wikipedia.org/wiki/Ernst_Klodwig
710,krause,\N,\N,,,3/30/1907,East German,http://en.wikipedia.org/wiki/Rudolf_Krause
711,karch,\N,\N,,,3/6/1917,German,http://en.wikipedia.org/wiki/Oswald_Karch
712,heeks,\N,\N,,,2/13/1922,German,http://en.wikipedia.org/wiki/Willi_Heeks
713,fitzau,\N,\N,,,2/10/1923,East German,http://en.wikipedia.org/wiki/Theo_Fitzau
714,adolff,\N,\N,,,11/5/1921,German,http://en.wikipedia.org/wiki/Kurt_Adolff
715,bechem,\N,\N,,,12/21/1921,German,http://en.wikipedia.org/wiki/G%C3%BCnther_Bechem
716,bauer,\N,\N,,,7/17/1912,German,http://en.wikipedia.org/wiki/Erwin_Bauer
717,hans_stuck,\N,\N,,,12/27/1900,German,http://en.wikipedia.org/wiki/Hans_Von_Stuck
718,loof,\N,\N,,,7/4/1907,German,http://en.wikipedia.org/wiki/Ernst_Loof
719,scherrer,\N,\N,,,2/28/1908,Swiss,http://en.wikipedia.org/wiki/Albert_Scherrer
720,terra,\N,\N,,,10/6/1918,Swiss,http://en.wikipedia.org/wiki/Max_de_Terra
721,hirt,\N,\N,,,3/30/1910,Swiss,http://en.wikipedia.org/wiki/Peter_Hirt
722,carini,\N,\N,,,3/6/1921,Italian,http://en.wikipedia.org/wiki/Piero_Carini
723,fischer,\N,\N,,,4/19/1912,Swiss,http://en.wikipedia.org/wiki/Rudi_Fischer
724,ulmen,\N,\N,,,1/25/1906,German,http://en.wikipedia.org/wiki/Toni_Ulmen
725,abecassis,\N,\N,,,3/21/1913,British,http://en.wikipedia.org/wiki/George_Abecassis
726,george_connor,\N,\N,,,8/16/1906,American,http://en.wikipedia.org/wiki/George_Connor_(driver)
727,rigsby,\N,\N,,,6/6/1923,American,http://en.wikipedia.org/wiki/Jim_Rigsby
728,james,\N,\N,,,5/23/1925,American,http://en.wikipedia.org/wiki/Joe_James_(racing_driver)
729,schindler,\N,\N,,,3/6/1909,American,http://en.wikipedia.org/wiki/Bill_Schindler
730,fonder,\N,\N,,,6/22/1917,American,http://en.wikipedia.org/wiki/George_Fonder
731,banks,\N,\N,,,6/14/1913,American,http://en.wikipedia.org/wiki/Henry_Banks
732,mcdowell,\N,\N,,,1/29/1915,American,http://en.wikipedia.org/wiki/Johnny_McDowell
733,miller,\N,\N,,,7/19/1902,American,http://en.wikipedia.org/wiki/Chet_Miller
734,ball,\N,\N,,,8/26/1925,American,http://en.wikipedia.org/wiki/Bobby_Ball_(auto_racer)
735,tornaco,\N,\N,,,6/7/1927,Belgian,http://en.wikipedia.org/wiki/Charles_de_Tornaco
736,laurent,\N,\N,,,2/21/1913,Belgian,http://en.wikipedia.org/wiki/Roger_Laurent
737,obrien,\N,\N,,,4/11/1908,American,http://en.wikipedia.org/wiki/Robert_O%27Brien_(auto_racer)
738,gaze,\N,\N,,,2/3/1920,Australian,http://en.wikipedia.org/wiki/Tony_Gaze
739,charrington,\N,\N,,,6/23/1915,British,http://en.wikipedia.org/wiki/Robin_Montgomerie-Charrington
740,comotti,\N,\N,,,7/24/1906,Italian,http://en.wikipedia.org/wiki/Franco_Comotti
741,etancelin,\N,\N,,,1896-12-28,French,http://en.wikipedia.org/wiki/Philippe_%C3%89tancelin
742,poore,\N,\N,,,8/19/1916,British,http://en.wikipedia.org/wiki/Dennis_Poore
743,thompson,\N,\N,,,11/4/1919,British,http://en.wikipedia.org/wiki/Eric_Thompson_(racing_driver)
744,downing,\N,\N,,,12/5/1917,British,http://en.wikipedia.org/wiki/Ken_Downing
745,graham_whitehead,\N,\N,,,4/15/1922,British,http://en.wikipedia.org/wiki/Graham_Whitehead
746,bianco,\N,\N,,,7/22/1916,Brazilian,http://en.wikipedia.org/wiki/Gino_Bianco
747,murray,\N,\N,,,12/28/1909,British,http://en.wikipedia.org/wiki/David_Murray_(driver)
748,cantoni,\N,\N,,,10/4/1906,Uruguayan,http://en.wikipedia.org/wiki/Eitel_Cantoni
749,aston,\N,\N,,,3/29/1900,British,http://en.wikipedia.org/wiki/Bill_Aston
750,brudes,\N,\N,,,1899-10-15,German,http://en.wikipedia.org/wiki/Adolf_Brudes
751,riess,\N,\N,,,7/11/1922,German,http://en.wikipedia.org/wiki/Fritz_Riess
752,niedermayr,\N,\N,,,11/29/1915,German,http://en.wikipedia.org/wiki/Helmut_Niedermayr
753,klenk,\N,\N,,,10/28/1919,German,http://en.wikipedia.org/wiki/Hans_Klenk
754,balsa,\N,\N,,,1/1/1909,French,http://en.wikipedia.org/wiki/Marcel_Balsa
755,schoeller,\N,\N,,,4/27/1902,Swiss,http://en.wikipedia.org/wiki/Rudolf_Schoeller
756,pietsch,\N,\N,,,6/20/1911,German,http://en.wikipedia.org/wiki/Paul_Pietsch
757,peters,\N,\N,,,9/16/1914,German,http://en.wikipedia.org/wiki/Josef_Peters_(driver)
758,lof,\N,\N,,,8/23/1919,Dutch,http://en.wikipedia.org/wiki/Dries_van_der_Lof
759,flinterman,\N,\N,,,10/2/1919,Dutch,http://en.wikipedia.org/wiki/Jan_Flinterman
760,dusio,\N,\N,,,1899-10-13,Italian,http://en.wikipedia.org/wiki/Piero_Dusio
761,crespo,\N,\N,,,1/16/1920,Argentine,http://en.wikipedia.org/wiki/Alberto_Crespo
762,rol,\N,\N,,,6/5/1908,Italian,http://en.wikipedia.org/wiki/Franco_Rol
763,sanesi,\N,\N,,,3/28/1911,Italian,http://en.wikipedia.org/wiki/Consalvo_Sanesi
764,guy_mairesse,\N,\N,,,8/10/1910,French,http://en.wikipedia.org/wiki/Guy_Mairesse
765,louveau,\N,\N,,,1/25/1910,French,http://en.wikipedia.org/wiki/Henri_Louveau
766,wallard,\N,\N,,,9/7/1910,American,http://en.wikipedia.org/wiki/Lee_Wallard
767,forberg,\N,\N,,,3/4/1911,American,http://en.wikipedia.org/wiki/Carl_Forberg
768,rose,\N,\N,,,5/26/1906,American,http://en.wikipedia.org/wiki/Mauri_Rose
769,mackey,\N,\N,,,12/15/1927,American,http://en.wikipedia.org/wiki/Bill_Mackey
770,green,\N,\N,,,9/30/1919,American,http://en.wikipedia.org/wiki/Cecil_Green
771,walt_brown,\N,\N,,,12/30/1911,American,http://en.wikipedia.org/wiki/Walt_Brown_(auto_racer)
772,hellings,\N,\N,,,9/14/1915,American,http://en.wikipedia.org/wiki/Mack_Hellings
773,levegh,\N,\N,,,12/22/1905,French,http://en.wikipedia.org/wiki/Pierre_Levegh
774,chaboud,\N,\N,,,4/12/1907,French,http://en.wikipedia.org/wiki/Eug%C3%A8ne_Chaboud
775,gordini,\N,\N,,,5/20/1921,French,http://en.wikipedia.org/wiki/Aldo_Gordini
776,kelly,\N,\N,,,3/13/1913,Irish,http://en.wikipedia.org/wiki/Joe_Kelly_(Formula_One)
777,parker,\N,\N,,,9/22/1907,British,http://en.wikipedia.org/wiki/Philip_Fotheringham-Parker
778,shawe_taylor,\N,\N,,,1/28/1915,British,http://en.wikipedia.org/wiki/Brian_Shawe_Taylor
779,john_james,\N,\N,,,5/10/1914,British,http://en.wikipedia.org/wiki/John_James_(auto_racer)
780,branca,\N,\N,,,9/15/1916,Swiss,http://en.wikipedia.org/wiki/Toni_Branca
781,richardson,\N,\N,,,8/21/1911,British,http://en.wikipedia.org/wiki/Ken_Richardson_(race_car_driver)
782,jover,\N,\N,,,11/23/1903,Spanish,http://en.wikipedia.org/wiki/Juan_Jover
783,grignard,\N,\N,,,7/25/1905,French,http://en.wikipedia.org/wiki/Georges_Grignard
784,hampshire,\N,\N,,,12/29/1917,British,http://en.wikipedia.org/wiki/David_Hampshire
785,crossley,\N,\N,,,5/11/1921,British,http://en.wikipedia.org/wiki/Geoff_Crossley
786,fagioli,\N,\N,,,1898-06-09,Italian,http://en.wikipedia.org/wiki/Luigi_Fagioli
787,harrison,\N,\N,,,7/6/1906,British,http://en.wikipedia.org/wiki/Cuth_Harrison
788,fry,\N,\N,,,10/26/1915,British,http://en.wikipedia.org/wiki/Joe_Fry
789,martin,\N,\N,,,3/24/1915,French,http://en.wikipedia.org/wiki/Eug%C3%A8ne_Martin
790,leslie_johnson,\N,\N,,,3/22/1912,British,http://en.wikipedia.org/wiki/Leslie_Johnson_(racing_driver)
791,biondetti,\N,\N,,,1898-08-18,Italian,http://en.wikipedia.org/wiki/Clemente_Biondetti
792,pian,\N,\N,,,10/21/1912,Argentine,http://en.wikipedia.org/wiki/Alfredo_Pi%C3%A0n
793,sommer,\N,\N,,,8/31/1906,French,http://en.wikipedia.org/wiki/Raymond_Sommer
794,chitwood,\N,\N,,,4/14/1912,American,http://en.wikipedia.org/wiki/Joie_Chitwood
795,fohr,\N,\N,,,6/17/1912,American,http://en.wikipedia.org/wiki/Myron_Fohr
796,ader,\N,\N,,,12/15/1913,American,http://en.wikipedia.org/wiki/Walt_Ader
797,holmes,\N,\N,,,9/4/1920,American,http://en.wikipedia.org/wiki/Jackie_Holmes
798,levrett,\N,\N,,,2/14/1914,American,http://en.wikipedia.org/wiki/Bayliss_Levrett
799,jackson,\N,\N,,,7/25/1910,American,http://en.wikipedia.org/wiki/Jimmy_Jackson_(driver)
800,pagani,\N,\N,,,10/11/1911,Italian,http://en.wikipedia.org/wiki/Nello_Pagani
801,pozzi,\N,\N,,,8/27/1909,French,http://en.wikipedia.org/wiki/Charles_Pozzi
802,serafini,\N,\N,,,7/22/1909,Italian,http://en.wikipedia.org/wiki/Dorino_Serafini
803,cantrell,\N,\N,,,1/31/1908,American,http://en.wikipedia.org/wiki/William_Cantrell
804,mantz,\N,\N,,,9/18/1918,American,http://en.wikipedia.org/wiki/Johnny_Mantz
805,kladis,\N,\N,,,2/10/1917,American,http://en.wikipedia.org/wiki/Danny_Kladis
806,oscar_gonzalez,\N,\N,,,11/10/1923,Uruguayan,http://en.wikipedia.org/wiki/Oscar_Gonz%C3%A1lez_(racing_driver)
807,hulkenberg,27,HUL,,,8/19/1987,German,http://en.wikipedia.org/wiki/Nico_H%C3%BClkenberg
808,petrov,\N,PET,,,9/8/1984,Russian,http://en.wikipedia.org/wiki/Vitaly_Petrov
810,grassi,\N,DIG,,,8/11/1984,Brazilian,http://en.wikipedia.org/wiki/Lucas_di_Grassi
811,bruno_senna,\N,SEN,,,10/15/1983,Brazilian,http://en.wikipedia.org/wiki/Bruno_Senna
812,chandhok,\N,CHA,,,1/19/1984,Indian,http://en.wikipedia.org/wiki/Karun_Chandhok
813,maldonado,13,MAL,,,3/9/1985,Venezuelan,http://en.wikipedia.org/wiki/Pastor_Maldonado
814,resta,\N,DIR,,,4/16/1986,British,http://en.wikipedia.org/wiki/Paul_di_Resta
815,perez,11,PER,,,1/26/1990,Mexican,http://en.wikipedia.org/wiki/Sergio_P%C3%A9rez
816,ambrosio,\N,DAM,,,12/27/1985,Belgian,http://en.wikipedia.org/wiki/J%C3%A9r%C3%B4me_d%27Ambrosio
817,ricciardo,3,RIC,,,7/1/1989,Australian,http://en.wikipedia.org/wiki/Daniel_Ricciardo
818,vergne,25,VER,,,4/25/1990,French,http://en.wikipedia.org/wiki/Jean-%C3%89ric_Vergne
819,pic,\N,PIC,,,2/15/1990,French,http://en.wikipedia.org/wiki/Charles_Pic
820,chilton,4,CHI,,,4/21/1991,British,http://en.wikipedia.org/wiki/Max_Chilton
821,gutierrez,21,GUT,,,8/5/1991,Mexican,http://en.wikipedia.org/wiki/Esteban_Guti%C3%A9rrez
822,bottas,77,BOT,,,8/28/1989,Finnish,http://en.wikipedia.org/wiki/Valtteri_Bottas
823,garde,\N,VDG,,,4/25/1985,Dutch,http://en.wikipedia.org/wiki/Giedo_van_der_Garde
824,jules_bianchi,17,BIA,,,8/3/1989,French,http://en.wikipedia.org/wiki/Jules_Bianchi
825,kevin_magnussen,20,MAG,,,10/5/1992,Danish,http://en.wikipedia.org/wiki/Kevin_Magnussen
826,kvyat,26,KVY,,,4/26/1994,Russian,http://en.wikipedia.org/wiki/Daniil_Kvyat
827,lotterer,45,LOT,,,11/19/1981,German,http://en.wikipedia.org/wiki/Andr%C3%A9_Lotterer
828,ericsson,9,ERI,,,9/2/1990,Swedish,http://en.wikipedia.org/wiki/Marcus_Ericsson
829,stevens,28,STE,,,6/28/1991,British,http://en.wikipedia.org/wiki/Will_Stevens
830,max_verstappen,33,VER,,,9/30/1997,Dutch,http://en.wikipedia.org/wiki/Max_Verstappen
831,nasr,12,NAS,,,8/21/1992,Brazilian,http://en.wikipedia.org/wiki/Felipe_Nasr
832,sainz,55,SAI,,,9/1/1994,Spanish,http://en.wikipedia.org/wiki/Carlos_Sainz_Jr.
833,merhi,98,MER,,,3/22/1991,Spanish,http://en.wikipedia.org/wiki/Roberto_Merhi
834,rossi,53,RSS,,,9/25/1991,American,http://en.wikipedia.org/wiki/Alexander_Rossi_%28racing_driver%29
835,jolyon_palmer,30,PAL,,,1/20/1991,British,http://en.wikipedia.org/wiki/Jolyon_Palmer
836,wehrlein,94,WEH,,,10/18/1994,German,http://en.wikipedia.org/wiki/Pascal_Wehrlein
837,haryanto,88,HAR,,,1/22/1993,Indonesian,http://en.wikipedia.org/wiki/Rio_Haryanto
838,vandoorne,2,VAN,,,3/26/1992,Belgian,http://en.wikipedia.org/wiki/Stoffel_Vandoorne
839,ocon,31,OCO,,,9/17/1996,French,http://en.wikipedia.org/wiki/Esteban_Ocon
840,stroll,18,STR,,,10/29/1998,Canadian,http://en.wikipedia.org/wiki/Lance_Stroll
841,giovinazzi,99,GIO,,,12/14/1993,Italian,http://en.wikipedia.org/wiki/Antonio_Giovinazzi
843,brendon_hartley,28,HAR,,,11/10/1989,New Zealander,http://en.wikipedia.org/wiki/Brendon_Hartley
844,leclerc,16,LEC,,,10/16/1997,Monegasque,http://en.wikipedia.org/wiki/Charles_Leclerc
845,sirotkin,35,SIR,,,8/27/1995,Russian,http://en.wikipedia.org/wiki/Sergey_Sirotkin_(racing_driver)
846,norris,4,NOR,,,11/13/1999,British,http://en.wikipedia.org/wiki/Lando_Norris
847,russell,63,RUS,,,2/15/1998,British,http://en.wikipedia.org/wiki/George_Russell_%28racing_driver%29
848,albon,23,ALB,,,3/23/1996,Thai,http://en.wikipedia.org/wiki/Alexander_Albon
849,latifi,6,LAT,,,6/29/1995,Canadian,http://en.wikipedia.org/wiki/Nicholas_Latifi
850,pietro_fittipaldi,51,FIT,,,6/25/1996,Brazilian,http://en.wikipedia.org/wiki/Pietro_Fittipaldi
851,aitken,89,AIT,,,9/23/1995,British,http://en.wikipedia.org/wiki/Jack_Aitken
